  0
SECTION
  2
HEADER
  9
$ACADVER
  1
AC1006
  9
$PDMODE
 70
0
  9
$PDSIZE
 40
0.0
  9
$HANDSEED
  5
21ed6e
  0
ENDSEC
  0
SECTION
  2
TABLES
  0
TABLE
  2
LTYPE
 70
16
  0
LTYPE
  2
CONTINUOUS
 70
0
  3
Continuous solid line
 72
65
 73
0
 40
0.0
  0
LTYPE
  2
BYBLOCK
 70
0
  3

 72
65
 73
0
 40
0.0
  0
LTYPE
  2
BYLAYER
 70
0
  3

 72
65
 73
0
 40
0.0
  0
LTYPE
  2
HIDDEN
 70
0
  3
Hidden __ __ __ __ __ __ __ __ __ __ __ __ __ _
 72
65
 73
2
 40
9.525
 49
6.35
 49
-3.175
  0
LTYPE
  2
PHANTOM2
 70
0
  3
Phantom (.5x) ___ _ _ ___ _ _ ___ _ _ ___ _ _
 72
65
 73
6
 40
31.75
 49
15.875
 49
-3.175
 49
3.175
 49
-3.175
 49
3.175
 49
-3.175
  0
LTYPE
  2
CENTER
 70
0
  3
Center ____ _ ____ _ ____ _ ____ _ ____ _ ____
 72
65
 73
4
 40
50.8
 49
31.75
 49
-6.35
 49
6.35
 49
-6.35
  0
LTYPE
  2
AM_ISO02W050
 70
0
  3
__ __ __ __ __ __ __ __ __ __ __ __ __ __ __
 72
65
 73
2
 40
7.5
 49
6.0
 49
-1.5
  0
LTYPE
  2
AM_ISO08W050
 70
0
  3
____ . ____ . ____ . ____ . ____ . ____ . ____
 72
65
 73
4
 40
18.0
 49
12.0
 49
-1.5
 49
3.0
 49
-1.5
  0
LTYPE
  2
AM_ISO09W050
 70
0
  3
_____ . . _____ . . _____ . . ____ .. ____
 72
65
 73
6
 40
22.5
 49
12.0
 49
-1.5
 49
3.0
 49
-1.5
 49
3.0
 49
-1.5
  0
LTYPE
  2
AMCONSTR
 70
0
  3
_______________________
 72
65
 73
2
 40
9999.0
 49
9999.0
 49
0.0
  0
LTYPE
  2
AM_ISO08W050X2
 70
0
  3
__ . __ . __ . __ . __ . __
 72
65
 73
4
 40
9.0
 49
6.0
 49
-0.75
 49
1.5
 49
-0.75
  0
LTYPE
  2
AM_ISO02W050X2
 70
0
  3
 _ _ _ _ _ _ _ _ _ _ _ _
 72
65
 73
2
 40
3.75
 49
3.0
 49
-0.75
  0
LTYPE
  2
AMZIGZAG
 70
0
  3
/\/-/\/-/\/-/\/-/\/-/\/
 72
65
 73
2
 40
11.0001
 49
0.0001
 49
-11.0
  0
LTYPE
  2
ACISOWELD
 70
0
  3
_ _ _ _ _
 72
65
 73
2
 40
3.0
 49
2.0
 49
-1.0
  0
LTYPE
  2
ACISOTGL
 70
0
  3
_ _ _ _ _
 72
65
 73
2
 40
3.0
 49
2.0
 49
-1.0
  0
LTYPE
  2
ACISOTGB
 70
0
  3
__ . . __ . .
 72
65
 73
6
 40
9.0
 49
4.0
 49
-1.0
 49
1.0
 49
-1.0
 49
1.0
 49
-1.0
  0
ENDTAB
  0
TABLE
  2
LAYER
 70
10
  0
LAYER
  2
0
 70
0
 62
7
  6
CONTINUOUS
  0
LAYER
  2
GUIDE2
 70
0
 62
4
  6
CONTINUOUS
  0
LAYER
  2
CELL
 70
0
 62
5
  6
CONTINUOUS
  0
LAYER
  2
CELL2
 70
0
 62
1
  6
CONTINUOUS
  0
LAYER
  2
HALL.2
 70
0
 62
3
  6
CONTINUOUS
  0
LAYER
  2
HALL.1
 70
0
 62
2
  6
CONTINUOUS
  0
LAYER
  2
GUIDE1
 70
0
 62
6
  6
CONTINUOUS
  0
LAYER
  2
DEFPOINTS
 70
0
 62
7
  6
CONTINUOUS
  0
LAYER
  2
LINE
 70
0
 62
8
  6
CONTINUOUS
  0
LAYER
  2
MATRIX
 70
0
 62
40
  6
CONTINUOUS
  0
ENDTAB
  0
TABLE
  2
STYLE
 70
8
  0
STYLE
  2
STANDARD
 70
0
 40
0.0
 41
1.0
 50
0.0
 71
0
 42
0.0
  3
ISOCP
  4

  0
STYLE
  2
ANNOTATIVE
 70
0
 40
0.0
 41
1.0
 50
0.0
 71
0
 42
0.0
  3
Arial
  4

  0
STYLE
  2
ACISOTS
 70
0
 40
0.0
 41
1.0
 50
0.0
 71
0
 42
0.0
  3
isocp
  4

  0
STYLE
  2
ACISOGDT
 70
0
 40
0.0
 41
1.0
 50
0.0
 71
0
 42
0.0
  3
amgdt
  4

  0
STYLE
  2
USER1
 70
0
 40
0.0
 41
1.0
 50
0.0
 71
0
 42
0.0
  3
TXT
  4

  0
STYLE
  2
USER2
 70
0
 40
0.0
 41
1.0
 50
0.0
 71
0
 42
0.0
  3
SIMPLEX
  4

  0
STYLE
  2
USER3
 70
0
 40
0.0
 41
1.0
 50
0.0
 71
0
 42
0.0
  3
ITALIC
  4

  0
STYLE
  2
TEXTSTYLE_4
 70
0
 40
0.0
 41
1.0
 50
0.0
 71
0
 42
0.0
  3
symbol_asme
  4

  0
ENDTAB
  0
TABLE
  2
VIEW
 70
0
  0
ENDTAB
  0
TABLE
  2
UCS
 70
0
  0
ENDTAB
  0
ENDSEC
  0
SECTION
  2
BLOCKS
  0
BLOCK
  8
0
  2
GENAXEH
 70
0
 10
0.0
 20
0.0
 30
0.0
  3
GENAXEH
  1

  0
LINE
  5
282
  8
0
 10
-1.0
 20
0.0
 30
0.0
 11
1.0
 21
0.0
 31
0.0
  0
ENDBLK
  8
0
  0
BLOCK
  8
0
  2
_OPEN
 70
0
 10
0.0
 20
0.0
 30
0.0
  3
_OPEN
  1

  0
LINE
  5
2C4
  8
0
  6
ByBlock
 62
0
 10
0.0
 20
0.0
 30
0.0
 11
-1.0
 21
0.2
 31
0.0
  0
LINE
  5
2C5
  8
0
  6
ByBlock
 62
0
 10
-1.0
 20
-0.2
 30
0.0
 11
0.0
 21
0.0
 31
0.0
  0
LINE
  5
2C6
  8
0
  6
ByBlock
 62
0
 10
-1.0
 20
0.0
 30
0.0
 11
0.0
 21
0.0
 31
0.0
  0
ENDBLK
  8
0
  0
BLOCK
  8
0
  2
*D4
 70
0
 10
0.0
 20
0.0
 30
0.0
  3
*D4
  1

  0
LINE
  5
319EC
  8
0
  6
ByBlock
 10
132.4303636229
 20
357.0664381722
 30
0.0
 11
91.2477065006
 21
357.0664381722
 31
0.0
  0
LINE
  5
319ED
  8
0
  6
ByBlock
 10
132.4303636229
 20
208.3320381722
 30
0.0
 11
91.2477065006
 21
208.3320381722
 31
0.0
  0
LINE
  5
319EE
  8
0
  6
ByBlock
 10
92.2477065006
 20
353.5664381722
 30
0.0
 11
92.2477065006
 21
211.8320381722
 31
0.0
  0
POLYLINE
  5
319EF
  8
0
 66
1
 10
0.0
 20
0.0
 30
0.0
 70
129
  0
VERTEX
  5
12ab2f
  8
0
 10
91.6643731673
 20
353.5664381722
 30
0.0
  0
VERTEX
  5
12ab30
  8
0
 10
92.8310398339
 20
353.5664381722
 30
0.0
  0
VERTEX
  5
12ab31
  8
0
 10
92.2477065006
 20
357.0664381722
 30
0.0
  0
SEQEND
  5
12ab32
  8
0
  0
POLYLINE
  5
319F0
  8
0
 66
1
 10
0.0
 20
0.0
 30
0.0
 70
129
  0
VERTEX
  5
12ab33
  8
0
 10
91.6643731673
 20
211.8320381722
 30
0.0
  0
VERTEX
  5
12ab34
  8
0
 10
92.8310398339
 20
211.8320381722
 30
0.0
  0
VERTEX
  5
12ab35
  8
0
 10
92.2477065006
 20
208.3320381722
 30
0.0
  0
SEQEND
  5
12ab36
  8
0
  0
POINT
  5
319F2
  8
GUIDE2
 62
0
 10
133.4303636229
 20
357.0664381722
 30
0.0
  0
POINT
  5
319F3
  8
GUIDE2
 62
0
 10
133.4303636229
 20
208.3320381722
 30
0.0
  0
POINT
  5
319F4
  8
GUIDE2
 62
0
 10
92.2477065006
 20
208.3320381722
 30
0.0
  0
ENDBLK
  8
0
  0
BLOCK
  8
0
  2
*D5
 70
0
 10
0.0
 20
0.0
 30
0.0
  3
*D5
  1

  0
LINE
  5
31A04
  8
0
  6
ByBlock
 10
115.9506613358
 20
283.6992381722
 30
0.0
 11
115.9506613358
 21
369.973238694
 31
0.0
  0
LINE
  5
31A05
  8
0
  6
ByBlock
 10
243.7687013358
 20
283.6992381722
 30
0.0
 11
243.7687013358
 21
369.973238694
 31
0.0
  0
LINE
  5
31A06
  8
0
  6
ByBlock
 10
119.4506613358
 20
368.973238694
 30
0.0
 11
240.2687013358
 21
368.973238694
 31
0.0
  0
POLYLINE
  5
31A07
  8
0
 66
1
 10
0.0
 20
0.0
 30
0.0
 70
129
  0
VERTEX
  5
12ab37
  8
0
 10
119.4506613358
 20
369.5565720274
 30
0.0
  0
VERTEX
  5
12ab38
  8
0
 10
119.4506613358
 20
368.3899053607
 30
0.0
  0
VERTEX
  5
12ab39
  8
0
 10
115.9506613358
 20
368.973238694
 30
0.0
  0
SEQEND
  5
12ab3a
  8
0
  0
POLYLINE
  5
31A08
  8
0
 66
1
 10
0.0
 20
0.0
 30
0.0
 70
129
  0
VERTEX
  5
12ab3b
  8
0
 10
240.2687013358
 20
369.5565720274
 30
0.0
  0
VERTEX
  5
12ab3c
  8
0
 10
240.2687013358
 20
368.3899053607
 30
0.0
  0
VERTEX
  5
12ab3d
  8
0
 10
243.7687013358
 20
368.973238694
 30
0.0
  0
SEQEND
  5
12ab3e
  8
0
  0
POINT
  5
31A0A
  8
GUIDE2
 62
0
 10
115.9506613358
 20
282.6992381722
 30
0.0
  0
POINT
  5
31A0B
  8
GUIDE2
 62
0
 10
243.7687013358
 20
282.6992381722
 30
0.0
  0
POINT
  5
31A0C
  8
GUIDE2
 62
0
 10
243.7687013358
 20
368.973238694
 30
0.0
  0
ENDBLK
  8
0
  0
BLOCK
  8
0
  2
*D6
 70
0
 10
0.0
 20
0.0
 30
0.0
  3
*D6
  1

  0
TEXT
  5
31A10
  8
0
  6
Continuous
 62
2
 10
427.57864167
 20
590.6274929248
 30
0.0
 40
3.0
  1
2-[CP]
 50
90.0
 41
0.8
  0
TEXT
  5
31A11
  8
0
  6
Continuous
 62
2
 10
427.57864167
 20
605.0274929248
 30
0.0
 40
3.0
  1
0.60
 50
90.0
 41
0.8
  0
TEXT
  5
31A12
  8
0
  6
Continuous
 62
2
  7
TEXTSTYLE_4
 10
427.57864167
 20
614.6274929248
 30
0.0
 40
3.0
  1
\U+00B1
 50
90.0
  0
TEXT
  5
31A13
  8
0
  6
Continuous
 62
2
 10
427.57864167
 20
616.8912291885
 30
0.0
 40
3.0
  1
0.080
 50
90.0
 41
0.8
  0
TEXT
  5
31A14
  8
0
  6
Continuous
 62
2
 10
432.82864167
 20
590.6274929248
 30
0.0
 40
3.0
  1
(Plate1 U Cut)
 50
90.0
 41
0.8
  0
LINE
  5
31A15
  8
0
  6
Continuous
 62
2
 10
452.5591782603
 20
581.1992482749
 30
0.0
 11
427.32864167
 21
581.1992482749
 31
0.0
  0
LINE
  5
31A16
  8
0
  6
Continuous
 62
2
 10
457.49120167
 20
581.8002482749
 30
0.0
 11
427.32864167
 21
581.8002482749
 31
0.0
  0
LINE
  5
31A17
  8
0
  6
Continuous
 62
2
 10
428.32864167
 20
581.1992482749
 30
0.0
 11
428.32864167
 21
577.1992482749
 31
0.0
  0
LINE
  5
31A18
  8
0
  6
Continuous
 62
2
 10
428.32864167
 20
577.1992482749
 30
0.0
 11
428.32864167
 21
581.4997482749
 31
0.0
  0
LINE
  5
31A19
  8
0
  6
Continuous
 62
2
 10
428.32864167
 20
581.8002482749
 30
0.0
 11
428.32864167
 21
628.8912291885
 31
0.0
  0
LINE
  5
31A1A
  8
0
  6
Continuous
 62
2
 10
428.32864167
 20
628.8912291885
 30
0.0
 11
428.32864167
 21
581.4997482749
 31
0.0
  0
INSERT
  5
31A1B
  8
0
  6
Continuous
 62
2
  2
_OPEN
 10
428.32864167
 20
581.1992482749
 30
0.0
 41
2.5
 42
2.5
 50
90.0
  0
INSERT
  5
31A1C
  8
0
  6
Continuous
 62
2
  2
_OPEN
 10
428.32864167
 20
581.8002482749
 30
0.0
 41
2.5
 42
2.5
 50
270.0
  0
ENDBLK
  8
0
  0
BLOCK
  8
0
  2
*D7
 70
0
 10
0.0
 20
0.0
 30
0.0
  3
*D7
  1

  0
TEXT
  5
31A20
  8
0
  6
Continuous
 62
2
 10
464.2463696656
 20
555.4114882749
 30
0.0
 40
3.0
  1
2-[CP]
 41
0.8
  0
TEXT
  5
31A21
  8
0
  6
Continuous
 62
2
 10
478.6463696656
 20
555.4114882749
 30
0.0
 40
3.0
  1
5.22
 41
0.8
  0
TEXT
  5
31A22
  8
0
  6
Continuous
 62
2
  7
TEXTSTYLE_4
 10
488.2463696656
 20
555.4114882749
 30
0.0
 40
3.0
  1
\U+00B1
  0
TEXT
  5
31A23
  8
0
  6
Continuous
 62
2
 10
490.5101059293
 20
555.4114882749
 30
0.0
 40
3.0
  1
0.080
 41
0.8
  0
TEXT
  5
31A24
  8
0
  6
Continuous
 62
2
 10
502.5101059293
 20
555.4114882749
 30
0.0
 40
3.0
  1
(CFRP U Cut)
 41
0.8
  0
LINE
  5
31A25
  8
0
  6
Continuous
 62
2
 10
452.26984167
 20
586.3473788661
 30
0.0
 11
452.26984167
 21
553.6614882749
 31
0.0
  0
LINE
  5
31A26
  8
0
  6
Continuous
 62
2
 10
457.49120167
 20
581.2992482749
 30
0.0
 11
457.49120167
 21
553.6614882749
 31
0.0
  0
LINE
  5
31A27
  8
0
  6
Continuous
 62
2
 10
452.26984167
 20
554.6614882749
 30
0.0
 11
448.26984167
 21
554.6614882749
 31
0.0
  0
LINE
  5
31A28
  8
0
  6
Continuous
 62
2
 10
448.26984167
 20
554.6614882749
 30
0.0
 11
454.88052167
 21
554.6614882749
 31
0.0
  0
LINE
  5
31A29
  8
0
  6
Continuous
 62
2
 10
457.49120167
 20
554.6614882749
 30
0.0
 11
531.3101059293
 21
554.6614882749
 31
0.0
  0
LINE
  5
31A2A
  8
0
  6
Continuous
 62
2
 10
531.3101059293
 20
554.6614882749
 30
0.0
 11
454.88052167
 21
554.6614882749
 31
0.0
  0
INSERT
  5
31A2B
  8
0
  6
Continuous
 62
2
  2
_OPEN
 10
452.26984167
 20
554.6614882749
 30
0.0
 41
2.5
 42
2.5
  0
INSERT
  5
31A2C
  8
0
  6
Continuous
 62
2
  2
_OPEN
 10
457.49120167
 20
554.6614882749
 30
0.0
 41
2.5
 42
2.5
 50
180.0
  0
ENDBLK
  8
0
  0
BLOCK
  8
0
  2
*D8
 70
0
 10
0.0
 20
0.0
 30
0.0
  3
*D8
  1

  0
TEXT
  5
31A30
  8
0
  6
Continuous
 62
2
 10
470.9895360054
 20
549.4114882749
 30
0.0
 40
3.0
  1
2-[CP]
 41
0.8
  0
TEXT
  5
31A31
  8
0
  6
Continuous
 62
2
 10
485.3895360054
 20
549.4114882749
 30
0.0
 40
3.0
  1
5.77
 41
0.8
  0
TEXT
  5
31A32
  8
0
  6
Continuous
 62
2
  7
TEXTSTYLE_4
 10
494.9895360054
 20
549.4114882749
 30
0.0
 40
3.0
  1
\U+00B1
  0
TEXT
  5
31A33
  8
0
  6
Continuous
 62
2
 10
497.2532722691
 20
549.4114882749
 30
0.0
 40
3.0
  1
0.080
 41
0.8
  0
TEXT
  5
31A34
  8
0
  6
Continuous
 62
2
 10
509.2532722691
 20
549.4114882749
 30
0.0
 40
3.0
  1
(CFRP U Cut)
 41
0.8
  0
LINE
  5
31A35
  8
0
  6
Continuous
 62
2
 10
452.26984167
 20
586.3473788661
 30
0.0
 11
452.26984167
 21
547.6614882749
 31
0.0
  0
LINE
  5
31A36
  8
0
  6
Continuous
 62
2
 10
458.04120167
 20
581.2992482749
 30
0.0
 11
458.04120167
 21
547.6614882749
 31
0.0
  0
LINE
  5
31A37
  8
0
  6
Continuous
 62
2
 10
452.26984167
 20
548.6614882749
 30
0.0
 11
448.26984167
 21
548.6614882749
 31
0.0
  0
LINE
  5
31A38
  8
0
  6
Continuous
 62
2
 10
448.26984167
 20
548.6614882749
 30
0.0
 11
455.15552167
 21
548.6614882749
 31
0.0
  0
LINE
  5
31A39
  8
0
  6
Continuous
 62
2
 10
458.04120167
 20
548.6614882749
 30
0.0
 11
538.0532722691
 21
548.6614882749
 31
0.0
  0
LINE
  5
31A3A
  8
0
  6
Continuous
 62
2
 10
538.0532722691
 20
548.6614882749
 30
0.0
 11
455.15552167
 21
548.6614882749
 31
0.0
  0
INSERT
  5
31A3B
  8
0
  6
Continuous
 62
2
  2
_OPEN
 10
452.26984167
 20
548.6614882749
 30
0.0
 41
2.5
 42
2.5
  0
INSERT
  5
31A3C
  8
0
  6
Continuous
 62
2
  2
_OPEN
 10
458.04120167
 20
548.6614882749
 30
0.0
 41
2.5
 42
2.5
 50
180.0
  0
ENDBLK
  8
0
  0
BLOCK
  8
0
  2
*D9
 70
0
 10
0.0
 20
0.0
 30
0.0
  3
*D9
  1

  0
TEXT
  5
31A40
  8
0
  6
Continuous
 62
2
 10
566.5594794781
 20
555.4114882749
 30
0.0
 40
3.0
  1
0.42
 41
0.8
 72
2
 11
572.1994794781
 21
555.4114882749
 31
0.0
  0
TEXT
  5
31A41
  8
0
  6
Continuous
 62
2
  7
TEXTSTYLE_4
 10
571.8922157418
 20
555.4114882749
 30
0.0
 40
3.0
  1
\U+00B1
 72
2
 11
574.4632157418
 21
555.4114882749
 31
0.0
  0
TEXT
  5
31A42
  8
0
  6
Continuous
 62
2
 10
579.3832157418
 20
555.4114882749
 30
0.0
 40
3.0
  1
0.080
 41
0.8
 72
2
 11
586.4632157418
 21
555.4114882749
 31
0.0
  0
LINE
  5
31A43
  8
0
  6
Continuous
 62
2
 10
605.12056167
 20
586.3473788661
 30
0.0
 11
605.12056167
 21
553.6614882749
 31
0.0
  0
LINE
  5
31A44
  8
0
  6
Continuous
 62
2
 10
604.70056167
 20
590.4652482749
 30
0.0
 11
604.70056167
 21
553.6614882749
 31
0.0
  0
LINE
  5
31A45
  8
0
  6
Continuous
 62
2
 10
605.12056167
 20
554.6614882749
 30
0.0
 11
609.12056167
 21
554.6614882749
 31
0.0
  0
LINE
  5
31A46
  8
0
  6
Continuous
 62
2
 10
609.12056167
 20
554.6614882749
 30
0.0
 11
604.91056167
 21
554.6614882749
 31
0.0
  0
LINE
  5
31A47
  8
0
  6
Continuous
 62
2
 10
604.70056167
 20
554.6614882749
 30
0.0
 11
562.5994794781
 21
554.6614882749
 31
0.0
  0
LINE
  5
31A48
  8
0
  6
Continuous
 62
2
 10
562.5994794781
 20
554.6614882749
 30
0.0
 11
604.91056167
 21
554.6614882749
 31
0.0
  0
INSERT
  5
31A49
  8
0
  6
Continuous
 62
2
  2
_OPEN
 10
605.12056167
 20
554.6614882749
 30
0.0
 41
2.5
 42
2.5
 50
180.0
  0
INSERT
  5
31A4A
  8
0
  6
Continuous
 62
2
  2
_OPEN
 10
604.70056167
 20
554.6614882749
 30
0.0
 41
2.5
 42
2.5
  0
ENDBLK
  8
0
  0
BLOCK
  8
0
  2
*D10
 70
0
 10
0.0
 20
0.0
 30
0.0
  3
*D10
  1

  0
TEXT
  5
31A4E
  8
0
  6
Continuous
 62
2
 10
616.31176167
 20
676.4493409956
 30
0.0
 40
3.0
  1
2-[CP]
 50
90.0
 41
0.8
 72
2
 11
616.31176167
 21
684.9693409956
 31
0.0
  0
TEXT
  5
31A4F
  8
0
  6
Continuous
 62
2
 10
616.31176167
 20
688.6893409956
 30
0.0
 40
3.0
  1
0.44
 50
90.0
 41
0.8
 72
2
 11
616.31176167
 21
694.5693409956
 31
0.0
  0
TEXT
  5
31A50
  8
0
  6
Continuous
 62
2
  7
TEXTSTYLE_4
 10
616.31176167
 20
694.2620772593
 30
0.0
 40
3.0
  1
\U+00B1
 50
90.0
 72
2
 11
616.31176167
 21
696.8330772593
 31
0.0
  0
TEXT
  5
31A51
  8
0
  6
Continuous
 62
2
 10
616.31176167
 20
701.7530772593
 30
0.0
 40
3.0
  1
0.080
 50
90.0
 41
0.8
 72
2
 11
616.31176167
 21
708.8330772593
 31
0.0
  0
TEXT
  5
31A52
  8
0
  6
Continuous
 62
2
 10
621.56176167
 20
689.7554772593
 30
0.0
 40
3.0
  1
(Plate1 U Cut)
 50
90.0
 41
0.8
 72
2
 11
621.56176167
 21
708.8330772593
 31
0.0
  0
LINE
  5
31A53
  8
0
  6
Continuous
 62
2
 10
600.0384310787
 20
718.5346882749
 30
0.0
 11
618.06176167
 21
718.5346882749
 31
0.0
  0
LINE
  5
31A54
  8
0
  6
Continuous
 62
2
 10
595.67056167
 20
718.0976882749
 30
0.0
 11
618.06176167
 21
718.0976882749
 31
0.0
  0
LINE
  5
31A55
  8
0
  6
Continuous
 62
2
 10
617.06176167
 20
718.5346882749
 30
0.0
 11
617.06176167
 21
722.5346882749
 31
0.0
  0
LINE
  5
31A56
  8
0
  6
Continuous
 62
2
 10
617.06176167
 20
722.5346882749
 30
0.0
 11
617.06176167
 21
718.3161882749
 31
0.0
  0
LINE
  5
31A57
  8
0
  6
Continuous
 62
2
 10
617.06176167
 20
718.0976882749
 30
0.0
 11
617.06176167
 21
670.5693409956
 31
0.0
  0
LINE
  5
31A58
  8
0
  6
Continuous
 62
2
 10
617.06176167
 20
670.5693409956
 30
0.0
 11
617.06176167
 21
718.3161882749
 31
0.0
  0
INSERT
  5
31A59
  8
0
  6
Continuous
 62
2
  2
_OPEN
 10
617.06176167
 20
718.5346882749
 30
0.0
 41
2.5
 42
2.5
 50
270.0
  0
INSERT
  5
31A5A
  8
0
  6
Continuous
 62
2
  2
_OPEN
 10
617.06176167
 20
718.0976882749
 30
0.0
 41
2.5
 42
2.5
 50
90.0
  0
ENDBLK
  8
0
  0
BLOCK
  8
0
  2
*D11
 70
0
 10
0.0
 20
0.0
 30
0.0
  3
*D11
  1

  0
TEXT
  5
31A5E
  8
0
  6
Continuous
 62
2
 10
529.041639424
 20
733.6046882749
 30
0.0
 40
3.0
  1
2-[CP]
 41
0.8
 72
2
 11
537.561639424
 21
733.6046882749
 31
0.0
  0
TEXT
  5
31A5F
  8
0
  6
Continuous
 62
2
 10
541.512039424
 20
733.6046882749
 30
0.0
 40
3.0
  1
9.45
 41
0.8
 72
2
 11
547.161639424
 21
733.6046882749
 31
0.0
  0
TEXT
  5
31A60
  8
0
  6
Continuous
 62
2
  7
TEXTSTYLE_4
 10
546.8543756878
 20
733.6046882749
 30
0.0
 40
3.0
  1
\U+00B1
 72
2
 11
549.4253756878
 21
733.6046882749
 31
0.0
  0
TEXT
  5
31A61
  8
0
  6
Continuous
 62
2
 10
554.3453756878
 20
733.6046882749
 30
0.0
 40
3.0
  1
0.080
 41
0.8
 72
2
 11
561.4253756878
 21
733.6046882749
 31
0.0
  0
TEXT
  5
31A62
  8
0
  6
Continuous
 62
2
 10
572.8277756878
 20
733.6046882749
 30
0.0
 40
3.0
  1
(CFRP U Cut)
 41
0.8
 72
2
 11
590.2253756878
 21
733.6046882749
 31
0.0
  0
LINE
  5
31A63
  8
0
  6
Continuous
 62
2
 10
605.12056167
 20
713.4525576836
 30
0.0
 11
605.12056167
 21
733.8546882749
 31
0.0
  0
LINE
  5
31A64
  8
0
  6
Continuous
 62
2
 10
595.67056167
 20
718.5346882749
 30
0.0
 11
595.67056167
 21
733.8546882749
 31
0.0
  0
LINE
  5
31A65
  8
0
  6
Continuous
 62
2
 10
605.12056167
 20
732.8546882749
 30
0.0
 11
600.39556167
 21
732.8546882749
 31
0.0
  0
LINE
  5
31A66
  8
0
  6
Continuous
 62
2
 10
595.67056167
 20
732.8546882749
 30
0.0
 11
600.39556167
 21
732.8546882749
 31
0.0
  0
LINE
  5
31A67
  8
0
  6
Continuous
 62
2
 10
600.39556167
 20
732.8546882749
 30
0.0
 11
523.161639424
 21
732.8546882749
 31
0.0
  0
INSERT
  5
31A68
  8
0
  6
Continuous
 62
2
  2
_OPEN
 10
605.12056167
 20
732.8546882749
 30
0.0
 41
2.5
 42
2.5
  0
INSERT
  5
31A69
  8
0
  6
Continuous
 62
2
  2
_OPEN
 10
595.67056167
 20
732.8546882749
 30
0.0
 41
2.5
 42
2.5
 50
180.0
  0
ENDBLK
  8
0
  0
BLOCK
  8
0
  2
*D12
 70
0
 10
0.0
 20
0.0
 30
0.0
  3
*D12
  1

  0
LINE
  5
31A6D
  8
0
 62
0
 10
452.26984167
 20
688.6290129792
 30
0.0
 11
452.26984167
 21
698.6702193511
 31
0.0
  0
LINE
  5
31A6E
  8
0
 62
0
 10
605.12056167
 20
688.6290129792
 30
0.0
 11
605.12056167
 21
698.6702193511
 31
0.0
  0
LINE
  5
31A6F
  8
0
 62
0
 10
454.76984167
 20
697.6702193511
 30
0.0
 11
513.87020167
 21
697.6702193511
 31
0.0
  0
LINE
  5
31A70
  8
0
 62
0
 10
602.62056167
 20
697.6702193511
 30
0.0
 11
543.52020167
 21
697.6702193511
 31
0.0
  0
INSERT
  5
31A71
  8
0
 62
0
  2
_OPEN
 10
452.26984167
 20
697.6702193511
 30
0.0
 41
2.5
 42
2.5
 50
180.0
  0
INSERT
  5
31A72
  8
0
 62
0
  2
_OPEN
 10
605.12056167
 20
697.6702193511
 30
0.0
 41
2.5
 42
2.5
  0
POINT
  5
31A74
  8
GUIDE2
 62
0
 10
452.26984167
 20
688.5290129792
 30
0.0
  0
POINT
  5
31A75
  8
GUIDE2
 62
0
 10
605.12056167
 20
688.5290129792
 30
0.0
  0
POINT
  5
31A76
  8
GUIDE2
 62
0
 10
605.12056167
 20
697.6702193511
 30
0.0
  0
ENDBLK
  8
0
  0
BLOCK
  8
0
  2
*D13
 70
0
 10
0.0
 20
0.0
 30
0.0
  3
*D13
  1

  0
LINE
  5
33E5A
  8
0
  6
Continuous
 62
0
 10
421.1205604561
 20
265.626841452
 30
0.0
 11
395.8900238658
 21
265.626841452
 31
0.0
  0
LINE
  5
33E5B
  8
0
  6
Continuous
 62
0
 10
426.0525838658
 20
266.227841452
 30
0.0
 11
395.8900238658
 21
266.227841452
 31
0.0
  0
LINE
  5
33E5C
  8
0
  6
Continuous
 62
0
 10
396.8900238658
 20
263.126841452
 30
0.0
 11
396.8900238658
 21
260.626841452
 31
0.0
  0
LINE
  5
33E5D
  8
0
  6
Continuous
 62
0
 10
396.8900238658
 20
268.727841452
 30
0.0
 11
396.8900238658
 21
309.3762258873
 31
0.0
  0
INSERT
  5
33E5E
  8
0
  6
Continuous
 62
0
  2
_OPEN
 10
396.8900238658
 20
265.626841452
 30
0.0
 41
2.5
 42
2.5
 50
90.0
  0
INSERT
  5
33E5F
  8
0
  6
Continuous
 62
0
  2
_OPEN
 10
396.8900238658
 20
266.227841452
 30
0.0
 41
2.5
 42
2.5
 50
270.0
  0
POINT
  5
33E61
  8
GUIDE2
  6
Continuous
 62
0
 10
421.2205604561
 20
265.626841452
 30
0.0
  0
POINT
  5
33E62
  8
GUIDE2
  6
Continuous
 62
0
 10
426.1525838658
 20
266.227841452
 30
0.0
  0
POINT
  5
33E63
  8
GUIDE2
  6
Continuous
 62
0
 10
396.8900238658
 20
266.227841452
 30
0.0
  0
ENDBLK
  8
0
  0
BLOCK
  8
0
  2
*D14
 70
0
 10
0.0
 20
0.0
 30
0.0
  3
*D14
  1

  0
LINE
  5
33E64
  8
0
  6
Continuous
 62
0
 10
420.8312238658
 20
270.7749720432
 30
0.0
 11
420.8312238658
 21
238.089081452
 31
0.0
  0
LINE
  5
33E65
  8
0
  6
Continuous
 62
0
 10
426.0525838658
 20
265.726841452
 30
0.0
 11
426.0525838658
 21
238.089081452
 31
0.0
  0
LINE
  5
33E66
  8
0
  6
Continuous
 62
0
 10
418.3312238658
 20
239.089081452
 30
0.0
 11
415.8312238658
 21
239.089081452
 31
0.0
  0
LINE
  5
33E67
  8
0
  6
Continuous
 62
0
 10
428.5525838658
 20
239.089081452
 30
0.0
 11
493.3646199932
 21
239.089081452
 31
0.0
  0
INSERT
  5
33E68
  8
0
  6
Continuous
 62
0
  2
_OPEN
 10
420.8312238658
 20
239.089081452
 30
0.0
 41
2.5
 42
2.5
  0
INSERT
  5
33E69
  8
0
  6
Continuous
 62
0
  2
_OPEN
 10
426.0525838658
 20
239.089081452
 30
0.0
 41
2.5
 42
2.5
 50
180.0
  0
POINT
  5
33E6B
  8
GUIDE2
  6
Continuous
 62
0
 10
420.8312238658
 20
270.8749720432
 30
0.0
  0
POINT
  5
33E6C
  8
GUIDE2
  6
Continuous
 62
0
 10
426.0525838658
 20
265.826841452
 30
0.0
  0
POINT
  5
33E6D
  8
GUIDE2
  6
Continuous
 62
0
 10
426.0525838658
 20
239.089081452
 30
0.0
  0
ENDBLK
  8
0
  0
BLOCK
  8
0
  2
*D15
 70
0
 10
0.0
 20
0.0
 30
0.0
  3
*D15
  1

  0
LINE
  5
33E6E
  8
0
  6
Continuous
 62
0
 10
420.8312238658
 20
270.7749720432
 30
0.0
 11
420.8312238658
 21
232.089081452
 31
0.0
  0
LINE
  5
33E6F
  8
0
  6
Continuous
 62
0
 10
426.6025838658
 20
265.726841452
 30
0.0
 11
426.6025838658
 21
232.089081452
 31
0.0
  0
LINE
  5
33E70
  8
0
  6
Continuous
 62
0
 10
418.3312238658
 20
233.089081452
 30
0.0
 11
415.8312238658
 21
233.089081452
 31
0.0
  0
LINE
  5
33E71
  8
0
  6
Continuous
 62
0
 10
429.1025838658
 20
233.089081452
 30
0.0
 11
500.1077863331
 21
233.089081452
 31
0.0
  0
INSERT
  5
33E72
  8
0
  6
Continuous
 62
0
  2
_OPEN
 10
420.8312238658
 20
233.089081452
 30
0.0
 41
2.5
 42
2.5
  0
INSERT
  5
33E73
  8
0
  6
Continuous
 62
0
  2
_OPEN
 10
426.6025838658
 20
233.089081452
 30
0.0
 41
2.5
 42
2.5
 50
180.0
  0
POINT
  5
33E75
  8
GUIDE2
  6
Continuous
 62
0
 10
420.8312238658
 20
270.8749720432
 30
0.0
  0
POINT
  5
33E76
  8
GUIDE2
  6
Continuous
 62
0
 10
426.6025838658
 20
265.826841452
 30
0.0
  0
POINT
  5
33E77
  8
GUIDE2
  6
Continuous
 62
0
 10
426.6025838658
 20
233.089081452
 30
0.0
  0
ENDBLK
  8
0
  0
BLOCK
  8
0
  2
*D16
 70
0
 10
0.0
 20
0.0
 30
0.0
  3
*D16
  1

  0
LINE
  5
33E78
  8
0
  6
Continuous
 62
0
 10
573.6819438658
 20
270.7749720432
 30
0.0
 11
573.6819438658
 21
238.089081452
 31
0.0
  0
LINE
  5
33E79
  8
0
  6
Continuous
 62
0
 10
573.2619438658
 20
274.892841452
 30
0.0
 11
573.2619438658
 21
238.089081452
 31
0.0
  0
LINE
  5
33E7A
  8
0
  6
Continuous
 62
0
 10
576.1819438658
 20
239.089081452
 30
0.0
 11
578.6819438658
 21
239.089081452
 31
0.0
  0
LINE
  5
33E7B
  8
0
  6
Continuous
 62
0
 10
570.7619438658
 20
239.089081452
 30
0.0
 11
533.3403676009
 21
239.089081452
 31
0.0
  0
INSERT
  5
33E7C
  8
0
  6
Continuous
 62
0
  2
_OPEN
 10
573.6819438658
 20
239.089081452
 30
0.0
 41
2.5
 42
2.5
 50
180.0
  0
INSERT
  5
33E7D
  8
0
  6
Continuous
 62
0
  2
_OPEN
 10
573.2619438658
 20
239.089081452
 30
0.0
 41
2.5
 42
2.5
  0
POINT
  5
33E7F
  8
GUIDE2
  6
Continuous
 62
0
 10
573.6819438658
 20
270.8749720432
 30
0.0
  0
POINT
  5
33E80
  8
GUIDE2
  6
Continuous
 62
0
 10
573.2619438658
 20
274.992841452
 30
0.0
  0
POINT
  5
33E81
  8
GUIDE2
  6
Continuous
 62
0
 10
573.2619438658
 20
239.089081452
 30
0.0
  0
ENDBLK
  8
0
  0
BLOCK
  8
0
  2
*D17
 70
0
 10
0.0
 20
0.0
 30
0.0
  3
*D17
  1

  0
LINE
  5
33E82
  8
0
  6
Continuous
 62
0
 10
568.5998132745
 20
402.962281452
 30
0.0
 11
586.6231438658
 21
402.962281452
 31
0.0
  0
LINE
  5
33E83
  8
0
  6
Continuous
 62
0
 10
564.2319438658
 20
402.525281452
 30
0.0
 11
586.6231438658
 21
402.525281452
 31
0.0
  0
LINE
  5
33E84
  8
0
  6
Continuous
 62
0
 10
585.6231438658
 20
405.462281452
 30
0.0
 11
585.6231438658
 21
407.962281452
 31
0.0
  0
LINE
  5
33E85
  8
0
  6
Continuous
 62
0
 10
585.6231438658
 20
400.025281452
 30
0.0
 11
585.6231438658
 21
358.6395306509
 31
0.0
  0
INSERT
  5
33E86
  8
0
  6
Continuous
 62
0
  2
_OPEN
 10
585.6231438658
 20
402.962281452
 30
0.0
 41
2.5
 42
2.5
 50
270.0
  0
INSERT
  5
33E87
  8
0
  6
Continuous
 62
0
  2
_OPEN
 10
585.6231438658
 20
402.525281452
 30
0.0
 41
2.5
 42
2.5
 50
90.0
  0
POINT
  5
33E89
  8
GUIDE2
  6
Continuous
 62
0
 10
568.4998132745
 20
402.962281452
 30
0.0
  0
POINT
  5
33E8A
  8
GUIDE2
  6
Continuous
 62
0
 10
564.1319438658
 20
402.525281452
 30
0.0
  0
POINT
  5
33E8B
  8
GUIDE2
  6
Continuous
 62
0
 10
585.6231438658
 20
402.525281452
 30
0.0
  0
ENDBLK
  8
0
  0
BLOCK
  8
0
  2
*D18
 70
0
 10
0.0
 20
0.0
 30
0.0
  3
*D18
  1

  0
LINE
  5
33E8C
  8
0
  6
Continuous
 62
0
 10
573.6819438658
 20
397.8801508607
 30
0.0
 11
573.6819438658
 21
418.282281452
 31
0.0
  0
LINE
  5
33E8D
  8
0
  6
Continuous
 62
0
 10
564.2319438658
 20
402.962281452
 30
0.0
 11
564.2319438658
 21
418.282281452
 31
0.0
  0
LINE
  5
33E8E
  8
0
  6
Continuous
 62
0
 10
571.1819438658
 20
417.282281452
 30
0.0
 11
566.7319438658
 21
417.282281452
 31
0.0
  0
LINE
  5
33E8F
  8
0
  6
Continuous
 62
0
 10
564.2319438658
 20
417.282281452
 30
0.0
 11
498.0746482559
 21
417.282281452
 31
0.0
  0
INSERT
  5
33E90
  8
0
  6
Continuous
 62
0
  2
_OPEN
 10
573.6819438658
 20
417.282281452
 30
0.0
 41
2.5
 42
2.5
  0
INSERT
  5
33E91
  8
0
  6
Continuous
 62
0
  2
_OPEN
 10
564.2319438658
 20
417.282281452
 30
0.0
 41
2.5
 42
2.5
 50
180.0
  0
POINT
  5
33E93
  8
GUIDE2
  6
Continuous
 62
0
 10
573.6819438658
 20
397.7801508607
 30
0.0
  0
POINT
  5
33E94
  8
GUIDE2
  6
Continuous
 62
0
 10
564.2319438658
 20
402.862281452
 30
0.0
  0
POINT
  5
33E95
  8
GUIDE2
  6
Continuous
 62
0
 10
564.2319438658
 20
417.282281452
 30
0.0
  0
ENDBLK
  8
0
  0
BLOCK
  8
0
  2
*D19
 70
0
 10
0.0
 20
0.0
 30
0.0
  3
*D19
  1

  0
LINE
  5
33E96
  8
0
 62
0
 10
420.8312238658
 20
373.0191061563
 30
0.0
 11
420.8312238658
 21
382.2778125282
 31
0.0
  0
LINE
  5
33E97
  8
0
 62
0
 10
573.6819438658
 20
373.0191061563
 30
0.0
 11
573.6819438658
 21
382.2778125282
 31
0.0
  0
LINE
  5
33E98
  8
0
 62
0
 10
421.0112238658
 20
382.0978125282
 30
0.0
 11
496.7435838658
 21
382.0978125282
 31
0.0
  0
LINE
  5
33E99
  8
0
 62
0
 10
573.5019438658
 20
382.0978125282
 30
0.0
 11
497.7695838658
 21
382.0978125282
 31
0.0
  0
POLYLINE
  5
33E9A
  8
0
 62
0
 66
1
 10
0.0
 20
0.0
 30
0.0
 70
129
  0
VERTEX
  5
12ab3f
  8
0
 10
421.0112238658
 20
382.1278125282
 30
0.0
  0
VERTEX
  5
12ab40
  8
0
 10
421.0112238658
 20
382.0678125282
 30
0.0
  0
VERTEX
  5
12ab41
  8
0
 10
420.8312238658
 20
382.0978125282
 30
0.0
  0
SEQEND
  5
12ab42
  8
0
  0
POLYLINE
  5
33E9B
  8
0
 62
0
 66
1
 10
0.0
 20
0.0
 30
0.0
 70
129
  0
VERTEX
  5
12ab43
  8
0
 10
573.5019438658
 20
382.1278125282
 30
0.0
  0
VERTEX
  5
12ab44
  8
0
 10
573.5019438658
 20
382.0678125282
 30
0.0
  0
VERTEX
  5
12ab45
  8
0
 10
573.6819438658
 20
382.0978125282
 30
0.0
  0
SEQEND
  5
12ab46
  8
0
  0
POINT
  5
33E9D
  8
GUIDE2
 62
0
 10
420.8312238658
 20
372.9566061563
 30
0.0
  0
POINT
  5
33E9E
  8
GUIDE2
 62
0
 10
573.6819438658
 20
372.9566061563
 30
0.0
  0
POINT
  5
33E9F
  8
GUIDE2
 62
0
 10
573.6819438658
 20
382.0978125282
 30
0.0
  0
ENDBLK
  8
0
  0
BLOCK
  8
0
  2
*D20
 70
0
 10
0.0
 20
0.0
 30
0.0
  3
*D20
  1

  0
LINE
  5
33EC5
  8
0
  6
ByBlock
 10
472.8566965228
 20
341.2541869006
 30
0.0
 11
472.8566965228
 21
342.1667045356
 31
0.0
  0
LINE
  5
33EC6
  8
0
  6
ByBlock
 10
479.8565838658
 20
341.257541452
 30
0.0
 11
479.8565838658
 21
342.1667045356
 31
0.0
  0
LINE
  5
33EC7
  8
0
  6
ByBlock
 10
469.3566965228
 20
341.1667045356
 30
0.0
 11
465.8566965228
 21
341.1667045356
 31
0.0
  0
LINE
  5
33EC8
  8
0
  6
ByBlock
 10
483.3565838658
 20
341.1667045356
 30
0.0
 11
486.8565838658
 21
341.1667045356
 31
0.0
  0
LINE
  5
33EC9
  8
0
  6
ByBlock
 10
472.8566965228
 20
341.1667045356
 30
0.0
 11
479.8565838658
 21
341.1667045356
 31
0.0
  0
POLYLINE
  5
33ECA
  8
0
 66
1
 10
0.0
 20
0.0
 30
0.0
 70
129
  0
VERTEX
  5
12ab47
  8
0
 10
469.3566965228
 20
341.7500378689
 30
0.0
  0
VERTEX
  5
12ab48
  8
0
 10
469.3566965228
 20
340.5833712023
 30
0.0
  0
VERTEX
  5
12ab49
  8
0
 10
472.8566965228
 20
341.1667045356
 30
0.0
  0
SEQEND
  5
12ab4a
  8
0
  0
POLYLINE
  5
33ECB
  8
0
 66
1
 10
0.0
 20
0.0
 30
0.0
 70
129
  0
VERTEX
  5
12ab4b
  8
0
 10
483.3565838658
 20
341.7500378689
 30
0.0
  0
VERTEX
  5
12ab4c
  8
0
 10
483.3565838658
 20
340.5833712023
 30
0.0
  0
VERTEX
  5
12ab4d
  8
0
 10
479.8565838658
 20
341.1667045356
 30
0.0
  0
SEQEND
  5
12ab4e
  8
0
  0
POINT
  5
33ECD
  8
GUIDE2
 62
0
 10
472.8566965228
 20
340.2541869006
 30
0.0
  0
POINT
  5
33ECE
  8
GUIDE2
 62
0
 10
479.8565838658
 20
340.257541452
 30
0.0
  0
POINT
  5
33ECF
  8
GUIDE2
 62
0
 10
479.8565838658
 20
341.1667045356
 30
0.0
  0
ENDBLK
  8
0
  0
BLOCK
  8
0
  2
*D21
 70
0
 10
0.0
 20
0.0
 30
0.0
  3
*D21
  1

  0
LINE
  5
33EE0
  8
0
  6
ByBlock
 10
478.8802739051
 20
339.937541452
 30
0.0
 11
498.1065838658
 21
339.937541452
 31
0.0
  0
LINE
  5
33EE1
  8
0
  6
ByBlock
 10
478.8802739051
 20
340.207541452
 30
0.0
 11
498.1065838658
 21
340.207541452
 31
0.0
  0
LINE
  5
33EE2
  8
0
  6
ByBlock
 10
497.1065838658
 20
336.437541452
 30
0.0
 11
497.1065838658
 21
332.937541452
 31
0.0
  0
LINE
  5
33EE3
  8
0
  6
ByBlock
 10
497.1065838658
 20
343.707541452
 30
0.0
 11
497.1065838658
 21
357.5602973575
 31
0.0
  0
LINE
  5
33EE4
  8
0
  6
ByBlock
 10
497.1065838658
 20
339.937541452
 30
0.0
 11
497.1065838658
 21
340.207541452
 31
0.0
  0
POLYLINE
  5
33EE5
  8
0
 66
1
 10
0.0
 20
0.0
 30
0.0
 70
129
  0
VERTEX
  5
12ab4f
  8
0
 10
496.5232505324
 20
336.437541452
 30
0.0
  0
VERTEX
  5
12ab50
  8
0
 10
497.6899171991
 20
336.437541452
 30
0.0
  0
VERTEX
  5
12ab51
  8
0
 10
497.1065838658
 20
339.937541452
 30
0.0
  0
SEQEND
  5
12ab52
  8
0
  0
POLYLINE
  5
33EE6
  8
0
 66
1
 10
0.0
 20
0.0
 30
0.0
 70
129
  0
VERTEX
  5
12ab53
  8
0
 10
496.5232505324
 20
343.707541452
 30
0.0
  0
VERTEX
  5
12ab54
  8
0
 10
497.6899171991
 20
343.707541452
 30
0.0
  0
VERTEX
  5
12ab55
  8
0
 10
497.1065838658
 20
340.207541452
 30
0.0
  0
SEQEND
  5
12ab56
  8
0
  0
POINT
  5
33EE8
  8
GUIDE2
 62
0
 10
477.8802739051
 20
339.937541452
 30
0.0
  0
POINT
  5
33EE9
  8
GUIDE2
 62
0
 10
477.8802739051
 20
340.207541452
 30
0.0
  0
POINT
  5
33EEA
  8
GUIDE2
 62
0
 10
497.1065838658
 20
340.207541452
 30
0.0
  0
ENDBLK
  8
0
  0
BLOCK
  8
0
  2
*U22
 70
0
 10
0.0
 20
0.0
 30
0.0
  3
*U22
  1

  0
LINE
  5
33F1D
  8
0
 62
1
 10
-3.38
 20
0.0
 30
0.0
 11
3.38
 21
0.0
 31
0.0
  0
ENDBLK
  8
0
  0
BLOCK
  8
0
  2
*U23
 70
0
 10
0.0
 20
0.0
 30
0.0
  3
*U23
  1

  0
INSERT
  5
33F2C
  8
GUIDE1
  6
ByBlock
 62
0
  2
*U22
 10
0.0
 20
0.0
 30
0.0
  0
INSERT
  5
33F2D
  8
GUIDE1
  6
ByBlock
 62
0
  2
*U22
 10
0.0
 20
0.54
 30
0.0
  0
INSERT
  5
33F2E
  8
GUIDE1
  6
ByBlock
 62
0
  2
*U22
 10
0.0
 20
1.08
 30
0.0
  0
INSERT
  5
33F2F
  8
GUIDE1
  6
ByBlock
 62
0
  2
*U22
 10
0.0
 20
1.62
 30
0.0
  0
INSERT
  5
33F30
  8
GUIDE1
  6
ByBlock
 62
0
  2
*U22
 10
0.0
 20
2.16
 30
0.0
  0
INSERT
  5
33F31
  8
GUIDE1
  6
ByBlock
 62
0
  2
*U22
 10
0.0
 20
2.7
 30
0.0
  0
INSERT
  5
33F32
  8
GUIDE1
  6
ByBlock
 62
0
  2
*U22
 10
0.0
 20
3.24
 30
0.0
  0
INSERT
  5
33F33
  8
GUIDE1
  6
ByBlock
 62
0
  2
*U22
 10
0.0
 20
3.78
 30
0.0
  0
INSERT
  5
33F34
  8
GUIDE1
  6
ByBlock
 62
0
  2
*U22
 10
0.0
 20
4.32
 30
0.0
  0
INSERT
  5
33F35
  8
GUIDE1
  6
ByBlock
 62
0
  2
*U22
 10
0.0
 20
4.86
 30
0.0
  0
INSERT
  5
33F36
  8
GUIDE1
  6
ByBlock
 62
0
  2
*U22
 10
0.0
 20
5.4
 30
0.0
  0
INSERT
  5
33F37
  8
GUIDE1
  6
ByBlock
 62
0
  2
*U22
 10
0.0
 20
5.94
 30
0.0
  0
INSERT
  5
33F38
  8
GUIDE1
  6
ByBlock
 62
0
  2
*U22
 10
0.0
 20
6.48
 30
0.0
  0
INSERT
  5
33F39
  8
GUIDE1
  6
ByBlock
 62
0
  2
*U22
 10
0.0
 20
7.02
 30
0.0
  0
INSERT
  5
33F3A
  8
GUIDE1
  6
ByBlock
 62
0
  2
*U22
 10
0.0
 20
7.56
 30
0.0
  0
INSERT
  5
33F3B
  8
GUIDE1
  6
ByBlock
 62
0
  2
*U22
 10
0.0
 20
8.1
 30
0.0
  0
INSERT
  5
33F3C
  8
GUIDE1
  6
ByBlock
 62
0
  2
*U22
 10
0.0
 20
8.64
 30
0.0
  0
INSERT
  5
33F3D
  8
GUIDE1
  6
ByBlock
 62
0
  2
*U22
 10
0.0
 20
9.18
 30
0.0
  0
INSERT
  5
33F3E
  8
GUIDE1
  6
ByBlock
 62
0
  2
*U22
 10
0.0
 20
9.72
 30
0.0
  0
INSERT
  5
33F3F
  8
GUIDE1
  6
ByBlock
 62
0
  2
*U22
 10
0.0
 20
10.26
 30
0.0
  0
INSERT
  5
33F40
  8
GUIDE1
  6
ByBlock
 62
0
  2
*U22
 10
0.0
 20
10.8
 30
0.0
  0
INSERT
  5
33F41
  8
GUIDE1
  6
ByBlock
 62
0
  2
*U22
 10
0.0
 20
11.34
 30
0.0
  0
INSERT
  5
33F42
  8
GUIDE1
  6
ByBlock
 62
0
  2
*U22
 10
7.0
 20
0.0
 30
0.0
  0
INSERT
  5
33F43
  8
GUIDE1
  6
ByBlock
 62
0
  2
*U22
 10
7.0
 20
0.54
 30
0.0
  0
INSERT
  5
33F44
  8
GUIDE1
  6
ByBlock
 62
0
  2
*U22
 10
7.0
 20
1.08
 30
0.0
  0
INSERT
  5
33F45
  8
GUIDE1
  6
ByBlock
 62
0
  2
*U22
 10
7.0
 20
1.62
 30
0.0
  0
INSERT
  5
33F46
  8
GUIDE1
  6
ByBlock
 62
0
  2
*U22
 10
7.0
 20
2.16
 30
0.0
  0
INSERT
  5
33F47
  8
GUIDE1
  6
ByBlock
 62
0
  2
*U22
 10
7.0
 20
2.7
 30
0.0
  0
INSERT
  5
33F48
  8
GUIDE1
  6
ByBlock
 62
0
  2
*U22
 10
7.0
 20
3.24
 30
0.0
  0
INSERT
  5
33F49
  8
GUIDE1
  6
ByBlock
 62
0
  2
*U22
 10
7.0
 20
3.78
 30
0.0
  0
INSERT
  5
33F4A
  8
GUIDE1
  6
ByBlock
 62
0
  2
*U22
 10
7.0
 20
4.32
 30
0.0
  0
INSERT
  5
33F4B
  8
GUIDE1
  6
ByBlock
 62
0
  2
*U22
 10
7.0
 20
4.86
 30
0.0
  0
INSERT
  5
33F4C
  8
GUIDE1
  6
ByBlock
 62
0
  2
*U22
 10
7.0
 20
5.4
 30
0.0
  0
INSERT
  5
33F4D
  8
GUIDE1
  6
ByBlock
 62
0
  2
*U22
 10
7.0
 20
5.94
 30
0.0
  0
INSERT
  5
33F4E
  8
GUIDE1
  6
ByBlock
 62
0
  2
*U22
 10
7.0
 20
6.48
 30
0.0
  0
INSERT
  5
33F4F
  8
GUIDE1
  6
ByBlock
 62
0
  2
*U22
 10
7.0
 20
7.02
 30
0.0
  0
INSERT
  5
33F50
  8
GUIDE1
  6
ByBlock
 62
0
  2
*U22
 10
7.0
 20
7.56
 30
0.0
  0
INSERT
  5
33F51
  8
GUIDE1
  6
ByBlock
 62
0
  2
*U22
 10
7.0
 20
8.1
 30
0.0
  0
INSERT
  5
33F52
  8
GUIDE1
  6
ByBlock
 62
0
  2
*U22
 10
7.0
 20
8.64
 30
0.0
  0
INSERT
  5
33F53
  8
GUIDE1
  6
ByBlock
 62
0
  2
*U22
 10
7.0
 20
9.18
 30
0.0
  0
INSERT
  5
33F54
  8
GUIDE1
  6
ByBlock
 62
0
  2
*U22
 10
7.0
 20
9.72
 30
0.0
  0
INSERT
  5
33F55
  8
GUIDE1
  6
ByBlock
 62
0
  2
*U22
 10
7.0
 20
10.26
 30
0.0
  0
INSERT
  5
33F56
  8
GUIDE1
  6
ByBlock
 62
0
  2
*U22
 10
7.0
 20
10.8
 30
0.0
  0
INSERT
  5
33F57
  8
GUIDE1
  6
ByBlock
 62
0
  2
*U22
 10
7.0
 20
11.34
 30
0.0
  0
INSERT
  5
33F58
  8
GUIDE1
  6
ByBlock
 62
0
  2
*U22
 10
14.0
 20
0.0
 30
0.0
  0
INSERT
  5
33F59
  8
GUIDE1
  6
ByBlock
 62
0
  2
*U22
 10
14.0
 20
0.54
 30
0.0
  0
INSERT
  5
33F5A
  8
GUIDE1
  6
ByBlock
 62
0
  2
*U22
 10
14.0
 20
1.08
 30
0.0
  0
INSERT
  5
33F5B
  8
GUIDE1
  6
ByBlock
 62
0
  2
*U22
 10
14.0
 20
1.62
 30
0.0
  0
INSERT
  5
33F5C
  8
GUIDE1
  6
ByBlock
 62
0
  2
*U22
 10
14.0
 20
2.16
 30
0.0
  0
INSERT
  5
33F5D
  8
GUIDE1
  6
ByBlock
 62
0
  2
*U22
 10
14.0
 20
2.7
 30
0.0
  0
INSERT
  5
33F5E
  8
GUIDE1
  6
ByBlock
 62
0
  2
*U22
 10
14.0
 20
3.24
 30
0.0
  0
INSERT
  5
33F5F
  8
GUIDE1
  6
ByBlock
 62
0
  2
*U22
 10
14.0
 20
3.78
 30
0.0
  0
INSERT
  5
33F60
  8
GUIDE1
  6
ByBlock
 62
0
  2
*U22
 10
14.0
 20
4.32
 30
0.0
  0
INSERT
  5
33F61
  8
GUIDE1
  6
ByBlock
 62
0
  2
*U22
 10
14.0
 20
4.86
 30
0.0
  0
INSERT
  5
33F62
  8
GUIDE1
  6
ByBlock
 62
0
  2
*U22
 10
14.0
 20
5.4
 30
0.0
  0
INSERT
  5
33F63
  8
GUIDE1
  6
ByBlock
 62
0
  2
*U22
 10
14.0
 20
5.94
 30
0.0
  0
INSERT
  5
33F64
  8
GUIDE1
  6
ByBlock
 62
0
  2
*U22
 10
14.0
 20
6.48
 30
0.0
  0
INSERT
  5
33F65
  8
GUIDE1
  6
ByBlock
 62
0
  2
*U22
 10
14.0
 20
7.02
 30
0.0
  0
INSERT
  5
33F66
  8
GUIDE1
  6
ByBlock
 62
0
  2
*U22
 10
14.0
 20
7.56
 30
0.0
  0
INSERT
  5
33F67
  8
GUIDE1
  6
ByBlock
 62
0
  2
*U22
 10
14.0
 20
8.1
 30
0.0
  0
INSERT
  5
33F68
  8
GUIDE1
  6
ByBlock
 62
0
  2
*U22
 10
14.0
 20
8.64
 30
0.0
  0
INSERT
  5
33F69
  8
GUIDE1
  6
ByBlock
 62
0
  2
*U22
 10
14.0
 20
9.18
 30
0.0
  0
INSERT
  5
33F6A
  8
GUIDE1
  6
ByBlock
 62
0
  2
*U22
 10
14.0
 20
9.72
 30
0.0
  0
INSERT
  5
33F6B
  8
GUIDE1
  6
ByBlock
 62
0
  2
*U22
 10
14.0
 20
10.26
 30
0.0
  0
INSERT
  5
33F6C
  8
GUIDE1
  6
ByBlock
 62
0
  2
*U22
 10
14.0
 20
10.8
 30
0.0
  0
INSERT
  5
33F6D
  8
GUIDE1
  6
ByBlock
 62
0
  2
*U22
 10
14.0
 20
11.34
 30
0.0
  0
INSERT
  5
33F6E
  8
GUIDE1
  6
ByBlock
 62
0
  2
*U22
 10
21.0
 20
0.0
 30
0.0
  0
INSERT
  5
33F6F
  8
GUIDE1
  6
ByBlock
 62
0
  2
*U22
 10
21.0
 20
0.54
 30
0.0
  0
INSERT
  5
33F70
  8
GUIDE1
  6
ByBlock
 62
0
  2
*U22
 10
21.0
 20
1.08
 30
0.0
  0
INSERT
  5
33F71
  8
GUIDE1
  6
ByBlock
 62
0
  2
*U22
 10
21.0
 20
1.62
 30
0.0
  0
INSERT
  5
33F72
  8
GUIDE1
  6
ByBlock
 62
0
  2
*U22
 10
21.0
 20
2.16
 30
0.0
  0
INSERT
  5
33F73
  8
GUIDE1
  6
ByBlock
 62
0
  2
*U22
 10
21.0
 20
2.7
 30
0.0
  0
INSERT
  5
33F74
  8
GUIDE1
  6
ByBlock
 62
0
  2
*U22
 10
21.0
 20
3.24
 30
0.0
  0
INSERT
  5
33F75
  8
GUIDE1
  6
ByBlock
 62
0
  2
*U22
 10
21.0
 20
3.78
 30
0.0
  0
INSERT
  5
33F76
  8
GUIDE1
  6
ByBlock
 62
0
  2
*U22
 10
21.0
 20
4.32
 30
0.0
  0
INSERT
  5
33F77
  8
GUIDE1
  6
ByBlock
 62
0
  2
*U22
 10
21.0
 20
4.86
 30
0.0
  0
INSERT
  5
33F78
  8
GUIDE1
  6
ByBlock
 62
0
  2
*U22
 10
21.0
 20
5.4
 30
0.0
  0
INSERT
  5
33F79
  8
GUIDE1
  6
ByBlock
 62
0
  2
*U22
 10
21.0
 20
5.94
 30
0.0
  0
INSERT
  5
33F7A
  8
GUIDE1
  6
ByBlock
 62
0
  2
*U22
 10
21.0
 20
6.48
 30
0.0
  0
INSERT
  5
33F7B
  8
GUIDE1
  6
ByBlock
 62
0
  2
*U22
 10
21.0
 20
7.02
 30
0.0
  0
INSERT
  5
33F7C
  8
GUIDE1
  6
ByBlock
 62
0
  2
*U22
 10
21.0
 20
7.56
 30
0.0
  0
INSERT
  5
33F7D
  8
GUIDE1
  6
ByBlock
 62
0
  2
*U22
 10
21.0
 20
8.1
 30
0.0
  0
INSERT
  5
33F7E
  8
GUIDE1
  6
ByBlock
 62
0
  2
*U22
 10
21.0
 20
8.64
 30
0.0
  0
INSERT
  5
33F7F
  8
GUIDE1
  6
ByBlock
 62
0
  2
*U22
 10
21.0
 20
9.18
 30
0.0
  0
INSERT
  5
33F80
  8
GUIDE1
  6
ByBlock
 62
0
  2
*U22
 10
21.0
 20
9.72
 30
0.0
  0
INSERT
  5
33F81
  8
GUIDE1
  6
ByBlock
 62
0
  2
*U22
 10
21.0
 20
10.26
 30
0.0
  0
INSERT
  5
33F82
  8
GUIDE1
  6
ByBlock
 62
0
  2
*U22
 10
21.0
 20
10.8
 30
0.0
  0
INSERT
  5
33F83
  8
GUIDE1
  6
ByBlock
 62
0
  2
*U22
 10
21.0
 20
11.34
 30
0.0
  0
INSERT
  5
33F84
  8
GUIDE1
  6
ByBlock
 62
0
  2
*U22
 10
28.0
 20
0.0
 30
0.0
  0
INSERT
  5
33F85
  8
GUIDE1
  6
ByBlock
 62
0
  2
*U22
 10
28.0
 20
0.54
 30
0.0
  0
INSERT
  5
33F86
  8
GUIDE1
  6
ByBlock
 62
0
  2
*U22
 10
28.0
 20
1.08
 30
0.0
  0
INSERT
  5
33F87
  8
GUIDE1
  6
ByBlock
 62
0
  2
*U22
 10
28.0
 20
1.62
 30
0.0
  0
INSERT
  5
33F88
  8
GUIDE1
  6
ByBlock
 62
0
  2
*U22
 10
28.0
 20
2.16
 30
0.0
  0
INSERT
  5
33F89
  8
GUIDE1
  6
ByBlock
 62
0
  2
*U22
 10
28.0
 20
2.7
 30
0.0
  0
INSERT
  5
33F8A
  8
GUIDE1
  6
ByBlock
 62
0
  2
*U22
 10
28.0
 20
3.24
 30
0.0
  0
INSERT
  5
33F8B
  8
GUIDE1
  6
ByBlock
 62
0
  2
*U22
 10
28.0
 20
3.78
 30
0.0
  0
INSERT
  5
33F8C
  8
GUIDE1
  6
ByBlock
 62
0
  2
*U22
 10
28.0
 20
4.32
 30
0.0
  0
INSERT
  5
33F8D
  8
GUIDE1
  6
ByBlock
 62
0
  2
*U22
 10
28.0
 20
4.86
 30
0.0
  0
INSERT
  5
33F8E
  8
GUIDE1
  6
ByBlock
 62
0
  2
*U22
 10
28.0
 20
5.4
 30
0.0
  0
INSERT
  5
33F8F
  8
GUIDE1
  6
ByBlock
 62
0
  2
*U22
 10
28.0
 20
5.94
 30
0.0
  0
INSERT
  5
33F90
  8
GUIDE1
  6
ByBlock
 62
0
  2
*U22
 10
28.0
 20
6.48
 30
0.0
  0
INSERT
  5
33F91
  8
GUIDE1
  6
ByBlock
 62
0
  2
*U22
 10
28.0
 20
7.02
 30
0.0
  0
INSERT
  5
33F92
  8
GUIDE1
  6
ByBlock
 62
0
  2
*U22
 10
28.0
 20
7.56
 30
0.0
  0
INSERT
  5
33F93
  8
GUIDE1
  6
ByBlock
 62
0
  2
*U22
 10
28.0
 20
8.1
 30
0.0
  0
INSERT
  5
33F94
  8
GUIDE1
  6
ByBlock
 62
0
  2
*U22
 10
28.0
 20
8.64
 30
0.0
  0
INSERT
  5
33F95
  8
GUIDE1
  6
ByBlock
 62
0
  2
*U22
 10
28.0
 20
9.18
 30
0.0
  0
INSERT
  5
33F96
  8
GUIDE1
  6
ByBlock
 62
0
  2
*U22
 10
28.0
 20
9.72
 30
0.0
  0
INSERT
  5
33F97
  8
GUIDE1
  6
ByBlock
 62
0
  2
*U22
 10
28.0
 20
10.26
 30
0.0
  0
INSERT
  5
33F98
  8
GUIDE1
  6
ByBlock
 62
0
  2
*U22
 10
28.0
 20
10.8
 30
0.0
  0
INSERT
  5
33F99
  8
GUIDE1
  6
ByBlock
 62
0
  2
*U22
 10
28.0
 20
11.34
 30
0.0
  0
INSERT
  5
33F9A
  8
GUIDE1
  6
ByBlock
 62
0
  2
*U22
 10
35.0
 20
0.0
 30
0.0
  0
INSERT
  5
33F9B
  8
GUIDE1
  6
ByBlock
 62
0
  2
*U22
 10
35.0
 20
0.54
 30
0.0
  0
INSERT
  5
33F9C
  8
GUIDE1
  6
ByBlock
 62
0
  2
*U22
 10
35.0
 20
1.08
 30
0.0
  0
INSERT
  5
33F9D
  8
GUIDE1
  6
ByBlock
 62
0
  2
*U22
 10
35.0
 20
1.62
 30
0.0
  0
INSERT
  5
33F9E
  8
GUIDE1
  6
ByBlock
 62
0
  2
*U22
 10
35.0
 20
2.16
 30
0.0
  0
INSERT
  5
33F9F
  8
GUIDE1
  6
ByBlock
 62
0
  2
*U22
 10
35.0
 20
2.7
 30
0.0
  0
INSERT
  5
33FA0
  8
GUIDE1
  6
ByBlock
 62
0
  2
*U22
 10
35.0
 20
3.24
 30
0.0
  0
INSERT
  5
33FA1
  8
GUIDE1
  6
ByBlock
 62
0
  2
*U22
 10
35.0
 20
3.78
 30
0.0
  0
INSERT
  5
33FA2
  8
GUIDE1
  6
ByBlock
 62
0
  2
*U22
 10
35.0
 20
4.32
 30
0.0
  0
INSERT
  5
33FA3
  8
GUIDE1
  6
ByBlock
 62
0
  2
*U22
 10
35.0
 20
4.86
 30
0.0
  0
INSERT
  5
33FA4
  8
GUIDE1
  6
ByBlock
 62
0
  2
*U22
 10
35.0
 20
5.4
 30
0.0
  0
INSERT
  5
33FA5
  8
GUIDE1
  6
ByBlock
 62
0
  2
*U22
 10
35.0
 20
5.94
 30
0.0
  0
INSERT
  5
33FA6
  8
GUIDE1
  6
ByBlock
 62
0
  2
*U22
 10
35.0
 20
6.48
 30
0.0
  0
INSERT
  5
33FA7
  8
GUIDE1
  6
ByBlock
 62
0
  2
*U22
 10
35.0
 20
7.02
 30
0.0
  0
INSERT
  5
33FA8
  8
GUIDE1
  6
ByBlock
 62
0
  2
*U22
 10
35.0
 20
7.56
 30
0.0
  0
INSERT
  5
33FA9
  8
GUIDE1
  6
ByBlock
 62
0
  2
*U22
 10
35.0
 20
8.1
 30
0.0
  0
INSERT
  5
33FAA
  8
GUIDE1
  6
ByBlock
 62
0
  2
*U22
 10
35.0
 20
8.64
 30
0.0
  0
INSERT
  5
33FAB
  8
GUIDE1
  6
ByBlock
 62
0
  2
*U22
 10
35.0
 20
9.18
 30
0.0
  0
INSERT
  5
33FAC
  8
GUIDE1
  6
ByBlock
 62
0
  2
*U22
 10
35.0
 20
9.72
 30
0.0
  0
INSERT
  5
33FAD
  8
GUIDE1
  6
ByBlock
 62
0
  2
*U22
 10
35.0
 20
10.26
 30
0.0
  0
INSERT
  5
33FAE
  8
GUIDE1
  6
ByBlock
 62
0
  2
*U22
 10
35.0
 20
10.8
 30
0.0
  0
INSERT
  5
33FAF
  8
GUIDE1
  6
ByBlock
 62
0
  2
*U22
 10
35.0
 20
11.34
 30
0.0
  0
INSERT
  5
33FB0
  8
GUIDE1
  6
ByBlock
 62
0
  2
*U22
 10
42.0
 20
0.0
 30
0.0
  0
INSERT
  5
33FB1
  8
GUIDE1
  6
ByBlock
 62
0
  2
*U22
 10
42.0
 20
0.54
 30
0.0
  0
INSERT
  5
33FB2
  8
GUIDE1
  6
ByBlock
 62
0
  2
*U22
 10
42.0
 20
1.08
 30
0.0
  0
INSERT
  5
33FB3
  8
GUIDE1
  6
ByBlock
 62
0
  2
*U22
 10
42.0
 20
1.62
 30
0.0
  0
INSERT
  5
33FB4
  8
GUIDE1
  6
ByBlock
 62
0
  2
*U22
 10
42.0
 20
2.16
 30
0.0
  0
INSERT
  5
33FB5
  8
GUIDE1
  6
ByBlock
 62
0
  2
*U22
 10
42.0
 20
2.7
 30
0.0
  0
INSERT
  5
33FB6
  8
GUIDE1
  6
ByBlock
 62
0
  2
*U22
 10
42.0
 20
3.24
 30
0.0
  0
INSERT
  5
33FB7
  8
GUIDE1
  6
ByBlock
 62
0
  2
*U22
 10
42.0
 20
3.78
 30
0.0
  0
INSERT
  5
33FB8
  8
GUIDE1
  6
ByBlock
 62
0
  2
*U22
 10
42.0
 20
4.32
 30
0.0
  0
INSERT
  5
33FB9
  8
GUIDE1
  6
ByBlock
 62
0
  2
*U22
 10
42.0
 20
4.86
 30
0.0
  0
INSERT
  5
33FBA
  8
GUIDE1
  6
ByBlock
 62
0
  2
*U22
 10
42.0
 20
5.4
 30
0.0
  0
INSERT
  5
33FBB
  8
GUIDE1
  6
ByBlock
 62
0
  2
*U22
 10
42.0
 20
5.94
 30
0.0
  0
INSERT
  5
33FBC
  8
GUIDE1
  6
ByBlock
 62
0
  2
*U22
 10
42.0
 20
6.48
 30
0.0
  0
INSERT
  5
33FBD
  8
GUIDE1
  6
ByBlock
 62
0
  2
*U22
 10
42.0
 20
7.02
 30
0.0
  0
INSERT
  5
33FBE
  8
GUIDE1
  6
ByBlock
 62
0
  2
*U22
 10
42.0
 20
7.56
 30
0.0
  0
INSERT
  5
33FBF
  8
GUIDE1
  6
ByBlock
 62
0
  2
*U22
 10
42.0
 20
8.1
 30
0.0
  0
INSERT
  5
33FC0
  8
GUIDE1
  6
ByBlock
 62
0
  2
*U22
 10
42.0
 20
8.64
 30
0.0
  0
INSERT
  5
33FC1
  8
GUIDE1
  6
ByBlock
 62
0
  2
*U22
 10
42.0
 20
9.18
 30
0.0
  0
INSERT
  5
33FC2
  8
GUIDE1
  6
ByBlock
 62
0
  2
*U22
 10
42.0
 20
9.72
 30
0.0
  0
INSERT
  5
33FC3
  8
GUIDE1
  6
ByBlock
 62
0
  2
*U22
 10
42.0
 20
10.26
 30
0.0
  0
INSERT
  5
33FC4
  8
GUIDE1
  6
ByBlock
 62
0
  2
*U22
 10
42.0
 20
10.8
 30
0.0
  0
INSERT
  5
33FC5
  8
GUIDE1
  6
ByBlock
 62
0
  2
*U22
 10
42.0
 20
11.34
 30
0.0
  0
INSERT
  5
33FC6
  8
GUIDE1
  6
ByBlock
 62
0
  2
*U22
 10
49.0
 20
0.0
 30
0.0
  0
INSERT
  5
33FC7
  8
GUIDE1
  6
ByBlock
 62
0
  2
*U22
 10
49.0
 20
0.54
 30
0.0
  0
INSERT
  5
33FC8
  8
GUIDE1
  6
ByBlock
 62
0
  2
*U22
 10
49.0
 20
1.08
 30
0.0
  0
INSERT
  5
33FC9
  8
GUIDE1
  6
ByBlock
 62
0
  2
*U22
 10
49.0
 20
1.62
 30
0.0
  0
INSERT
  5
33FCA
  8
GUIDE1
  6
ByBlock
 62
0
  2
*U22
 10
49.0
 20
2.16
 30
0.0
  0
INSERT
  5
33FCB
  8
GUIDE1
  6
ByBlock
 62
0
  2
*U22
 10
49.0
 20
2.7
 30
0.0
  0
INSERT
  5
33FCC
  8
GUIDE1
  6
ByBlock
 62
0
  2
*U22
 10
49.0
 20
3.24
 30
0.0
  0
INSERT
  5
33FCD
  8
GUIDE1
  6
ByBlock
 62
0
  2
*U22
 10
49.0
 20
3.78
 30
0.0
  0
INSERT
  5
33FCE
  8
GUIDE1
  6
ByBlock
 62
0
  2
*U22
 10
49.0
 20
4.32
 30
0.0
  0
INSERT
  5
33FCF
  8
GUIDE1
  6
ByBlock
 62
0
  2
*U22
 10
49.0
 20
4.86
 30
0.0
  0
INSERT
  5
33FD0
  8
GUIDE1
  6
ByBlock
 62
0
  2
*U22
 10
49.0
 20
5.4
 30
0.0
  0
INSERT
  5
33FD1
  8
GUIDE1
  6
ByBlock
 62
0
  2
*U22
 10
49.0
 20
5.94
 30
0.0
  0
INSERT
  5
33FD2
  8
GUIDE1
  6
ByBlock
 62
0
  2
*U22
 10
49.0
 20
6.48
 30
0.0
  0
INSERT
  5
33FD3
  8
GUIDE1
  6
ByBlock
 62
0
  2
*U22
 10
49.0
 20
7.02
 30
0.0
  0
INSERT
  5
33FD4
  8
GUIDE1
  6
ByBlock
 62
0
  2
*U22
 10
49.0
 20
7.56
 30
0.0
  0
INSERT
  5
33FD5
  8
GUIDE1
  6
ByBlock
 62
0
  2
*U22
 10
49.0
 20
8.1
 30
0.0
  0
INSERT
  5
33FD6
  8
GUIDE1
  6
ByBlock
 62
0
  2
*U22
 10
49.0
 20
8.64
 30
0.0
  0
INSERT
  5
33FD7
  8
GUIDE1
  6
ByBlock
 62
0
  2
*U22
 10
49.0
 20
9.18
 30
0.0
  0
INSERT
  5
33FD8
  8
GUIDE1
  6
ByBlock
 62
0
  2
*U22
 10
49.0
 20
9.72
 30
0.0
  0
INSERT
  5
33FD9
  8
GUIDE1
  6
ByBlock
 62
0
  2
*U22
 10
49.0
 20
10.26
 30
0.0
  0
INSERT
  5
33FDA
  8
GUIDE1
  6
ByBlock
 62
0
  2
*U22
 10
49.0
 20
10.8
 30
0.0
  0
INSERT
  5
33FDB
  8
GUIDE1
  6
ByBlock
 62
0
  2
*U22
 10
49.0
 20
11.34
 30
0.0
  0
INSERT
  5
33FDC
  8
GUIDE1
  6
ByBlock
 62
0
  2
*U22
 10
56.0
 20
0.0
 30
0.0
  0
INSERT
  5
33FDD
  8
GUIDE1
  6
ByBlock
 62
0
  2
*U22
 10
56.0
 20
0.54
 30
0.0
  0
INSERT
  5
33FDE
  8
GUIDE1
  6
ByBlock
 62
0
  2
*U22
 10
56.0
 20
1.08
 30
0.0
  0
INSERT
  5
33FDF
  8
GUIDE1
  6
ByBlock
 62
0
  2
*U22
 10
56.0
 20
1.62
 30
0.0
  0
INSERT
  5
33FE0
  8
GUIDE1
  6
ByBlock
 62
0
  2
*U22
 10
56.0
 20
2.16
 30
0.0
  0
INSERT
  5
33FE1
  8
GUIDE1
  6
ByBlock
 62
0
  2
*U22
 10
56.0
 20
2.7
 30
0.0
  0
INSERT
  5
33FE2
  8
GUIDE1
  6
ByBlock
 62
0
  2
*U22
 10
56.0
 20
3.24
 30
0.0
  0
INSERT
  5
33FE3
  8
GUIDE1
  6
ByBlock
 62
0
  2
*U22
 10
56.0
 20
3.78
 30
0.0
  0
INSERT
  5
33FE4
  8
GUIDE1
  6
ByBlock
 62
0
  2
*U22
 10
56.0
 20
4.32
 30
0.0
  0
INSERT
  5
33FE5
  8
GUIDE1
  6
ByBlock
 62
0
  2
*U22
 10
56.0
 20
4.86
 30
0.0
  0
INSERT
  5
33FE6
  8
GUIDE1
  6
ByBlock
 62
0
  2
*U22
 10
56.0
 20
5.4
 30
0.0
  0
INSERT
  5
33FE7
  8
GUIDE1
  6
ByBlock
 62
0
  2
*U22
 10
56.0
 20
5.94
 30
0.0
  0
INSERT
  5
33FE8
  8
GUIDE1
  6
ByBlock
 62
0
  2
*U22
 10
56.0
 20
6.48
 30
0.0
  0
INSERT
  5
33FE9
  8
GUIDE1
  6
ByBlock
 62
0
  2
*U22
 10
56.0
 20
7.02
 30
0.0
  0
INSERT
  5
33FEA
  8
GUIDE1
  6
ByBlock
 62
0
  2
*U22
 10
56.0
 20
7.56
 30
0.0
  0
INSERT
  5
33FEB
  8
GUIDE1
  6
ByBlock
 62
0
  2
*U22
 10
56.0
 20
8.1
 30
0.0
  0
INSERT
  5
33FEC
  8
GUIDE1
  6
ByBlock
 62
0
  2
*U22
 10
56.0
 20
8.64
 30
0.0
  0
INSERT
  5
33FED
  8
GUIDE1
  6
ByBlock
 62
0
  2
*U22
 10
56.0
 20
9.18
 30
0.0
  0
INSERT
  5
33FEE
  8
GUIDE1
  6
ByBlock
 62
0
  2
*U22
 10
56.0
 20
9.72
 30
0.0
  0
INSERT
  5
33FEF
  8
GUIDE1
  6
ByBlock
 62
0
  2
*U22
 10
56.0
 20
10.26
 30
0.0
  0
INSERT
  5
33FF0
  8
GUIDE1
  6
ByBlock
 62
0
  2
*U22
 10
56.0
 20
10.8
 30
0.0
  0
INSERT
  5
33FF1
  8
GUIDE1
  6
ByBlock
 62
0
  2
*U22
 10
56.0
 20
11.34
 30
0.0
  0
INSERT
  5
33FF2
  8
GUIDE1
  6
ByBlock
 62
0
  2
*U22
 10
63.0
 20
0.0
 30
0.0
  0
INSERT
  5
33FF3
  8
GUIDE1
  6
ByBlock
 62
0
  2
*U22
 10
63.0
 20
0.54
 30
0.0
  0
INSERT
  5
33FF4
  8
GUIDE1
  6
ByBlock
 62
0
  2
*U22
 10
63.0
 20
1.08
 30
0.0
  0
INSERT
  5
33FF5
  8
GUIDE1
  6
ByBlock
 62
0
  2
*U22
 10
63.0
 20
1.62
 30
0.0
  0
INSERT
  5
33FF6
  8
GUIDE1
  6
ByBlock
 62
0
  2
*U22
 10
63.0
 20
2.16
 30
0.0
  0
INSERT
  5
33FF7
  8
GUIDE1
  6
ByBlock
 62
0
  2
*U22
 10
63.0
 20
2.7
 30
0.0
  0
INSERT
  5
33FF8
  8
GUIDE1
  6
ByBlock
 62
0
  2
*U22
 10
63.0
 20
3.24
 30
0.0
  0
INSERT
  5
33FF9
  8
GUIDE1
  6
ByBlock
 62
0
  2
*U22
 10
63.0
 20
3.78
 30
0.0
  0
INSERT
  5
33FFA
  8
GUIDE1
  6
ByBlock
 62
0
  2
*U22
 10
63.0
 20
4.32
 30
0.0
  0
INSERT
  5
33FFB
  8
GUIDE1
  6
ByBlock
 62
0
  2
*U22
 10
63.0
 20
4.86
 30
0.0
  0
INSERT
  5
33FFC
  8
GUIDE1
  6
ByBlock
 62
0
  2
*U22
 10
63.0
 20
5.4
 30
0.0
  0
INSERT
  5
33FFD
  8
GUIDE1
  6
ByBlock
 62
0
  2
*U22
 10
63.0
 20
5.94
 30
0.0
  0
INSERT
  5
33FFE
  8
GUIDE1
  6
ByBlock
 62
0
  2
*U22
 10
63.0
 20
6.48
 30
0.0
  0
INSERT
  5
33FFF
  8
GUIDE1
  6
ByBlock
 62
0
  2
*U22
 10
63.0
 20
7.02
 30
0.0
  0
INSERT
  5
34000
  8
GUIDE1
  6
ByBlock
 62
0
  2
*U22
 10
63.0
 20
7.56
 30
0.0
  0
INSERT
  5
34001
  8
GUIDE1
  6
ByBlock
 62
0
  2
*U22
 10
63.0
 20
8.1
 30
0.0
  0
INSERT
  5
34002
  8
GUIDE1
  6
ByBlock
 62
0
  2
*U22
 10
63.0
 20
8.64
 30
0.0
  0
INSERT
  5
34003
  8
GUIDE1
  6
ByBlock
 62
0
  2
*U22
 10
63.0
 20
9.18
 30
0.0
  0
INSERT
  5
34004
  8
GUIDE1
  6
ByBlock
 62
0
  2
*U22
 10
63.0
 20
9.72
 30
0.0
  0
INSERT
  5
34005
  8
GUIDE1
  6
ByBlock
 62
0
  2
*U22
 10
63.0
 20
10.26
 30
0.0
  0
INSERT
  5
34006
  8
GUIDE1
  6
ByBlock
 62
0
  2
*U22
 10
63.0
 20
10.8
 30
0.0
  0
INSERT
  5
34007
  8
GUIDE1
  6
ByBlock
 62
0
  2
*U22
 10
63.0
 20
11.34
 30
0.0
  0
INSERT
  5
34008
  8
GUIDE1
  6
ByBlock
 62
0
  2
*U22
 10
70.0
 20
0.0
 30
0.0
  0
INSERT
  5
34009
  8
GUIDE1
  6
ByBlock
 62
0
  2
*U22
 10
70.0
 20
0.54
 30
0.0
  0
INSERT
  5
3400A
  8
GUIDE1
  6
ByBlock
 62
0
  2
*U22
 10
70.0
 20
1.08
 30
0.0
  0
INSERT
  5
3400B
  8
GUIDE1
  6
ByBlock
 62
0
  2
*U22
 10
70.0
 20
1.62
 30
0.0
  0
INSERT
  5
3400C
  8
GUIDE1
  6
ByBlock
 62
0
  2
*U22
 10
70.0
 20
2.16
 30
0.0
  0
INSERT
  5
3400D
  8
GUIDE1
  6
ByBlock
 62
0
  2
*U22
 10
70.0
 20
2.7
 30
0.0
  0
INSERT
  5
3400E
  8
GUIDE1
  6
ByBlock
 62
0
  2
*U22
 10
70.0
 20
3.24
 30
0.0
  0
INSERT
  5
3400F
  8
GUIDE1
  6
ByBlock
 62
0
  2
*U22
 10
70.0
 20
3.78
 30
0.0
  0
INSERT
  5
34010
  8
GUIDE1
  6
ByBlock
 62
0
  2
*U22
 10
70.0
 20
4.32
 30
0.0
  0
INSERT
  5
34011
  8
GUIDE1
  6
ByBlock
 62
0
  2
*U22
 10
70.0
 20
4.86
 30
0.0
  0
INSERT
  5
34012
  8
GUIDE1
  6
ByBlock
 62
0
  2
*U22
 10
70.0
 20
5.4
 30
0.0
  0
INSERT
  5
34013
  8
GUIDE1
  6
ByBlock
 62
0
  2
*U22
 10
70.0
 20
5.94
 30
0.0
  0
INSERT
  5
34014
  8
GUIDE1
  6
ByBlock
 62
0
  2
*U22
 10
70.0
 20
6.48
 30
0.0
  0
INSERT
  5
34015
  8
GUIDE1
  6
ByBlock
 62
0
  2
*U22
 10
70.0
 20
7.02
 30
0.0
  0
INSERT
  5
34016
  8
GUIDE1
  6
ByBlock
 62
0
  2
*U22
 10
70.0
 20
7.56
 30
0.0
  0
INSERT
  5
34017
  8
GUIDE1
  6
ByBlock
 62
0
  2
*U22
 10
70.0
 20
8.1
 30
0.0
  0
INSERT
  5
34018
  8
GUIDE1
  6
ByBlock
 62
0
  2
*U22
 10
70.0
 20
8.64
 30
0.0
  0
INSERT
  5
34019
  8
GUIDE1
  6
ByBlock
 62
0
  2
*U22
 10
70.0
 20
9.18
 30
0.0
  0
INSERT
  5
3401A
  8
GUIDE1
  6
ByBlock
 62
0
  2
*U22
 10
70.0
 20
9.72
 30
0.0
  0
INSERT
  5
3401B
  8
GUIDE1
  6
ByBlock
 62
0
  2
*U22
 10
70.0
 20
10.26
 30
0.0
  0
INSERT
  5
3401C
  8
GUIDE1
  6
ByBlock
 62
0
  2
*U22
 10
70.0
 20
10.8
 30
0.0
  0
INSERT
  5
3401D
  8
GUIDE1
  6
ByBlock
 62
0
  2
*U22
 10
70.0
 20
11.34
 30
0.0
  0
INSERT
  5
3401E
  8
GUIDE1
  6
ByBlock
 62
0
  2
*U22
 10
77.0
 20
0.0
 30
0.0
  0
INSERT
  5
3401F
  8
GUIDE1
  6
ByBlock
 62
0
  2
*U22
 10
77.0
 20
0.54
 30
0.0
  0
INSERT
  5
34020
  8
GUIDE1
  6
ByBlock
 62
0
  2
*U22
 10
77.0
 20
1.08
 30
0.0
  0
INSERT
  5
34021
  8
GUIDE1
  6
ByBlock
 62
0
  2
*U22
 10
77.0
 20
1.62
 30
0.0
  0
INSERT
  5
34022
  8
GUIDE1
  6
ByBlock
 62
0
  2
*U22
 10
77.0
 20
2.16
 30
0.0
  0
INSERT
  5
34023
  8
GUIDE1
  6
ByBlock
 62
0
  2
*U22
 10
77.0
 20
2.7
 30
0.0
  0
INSERT
  5
34024
  8
GUIDE1
  6
ByBlock
 62
0
  2
*U22
 10
77.0
 20
3.24
 30
0.0
  0
INSERT
  5
34025
  8
GUIDE1
  6
ByBlock
 62
0
  2
*U22
 10
77.0
 20
3.78
 30
0.0
  0
INSERT
  5
34026
  8
GUIDE1
  6
ByBlock
 62
0
  2
*U22
 10
77.0
 20
4.32
 30
0.0
  0
INSERT
  5
34027
  8
GUIDE1
  6
ByBlock
 62
0
  2
*U22
 10
77.0
 20
4.86
 30
0.0
  0
INSERT
  5
34028
  8
GUIDE1
  6
ByBlock
 62
0
  2
*U22
 10
77.0
 20
5.4
 30
0.0
  0
INSERT
  5
34029
  8
GUIDE1
  6
ByBlock
 62
0
  2
*U22
 10
77.0
 20
5.94
 30
0.0
  0
INSERT
  5
3402A
  8
GUIDE1
  6
ByBlock
 62
0
  2
*U22
 10
77.0
 20
6.48
 30
0.0
  0
INSERT
  5
3402B
  8
GUIDE1
  6
ByBlock
 62
0
  2
*U22
 10
77.0
 20
7.02
 30
0.0
  0
INSERT
  5
3402C
  8
GUIDE1
  6
ByBlock
 62
0
  2
*U22
 10
77.0
 20
7.56
 30
0.0
  0
INSERT
  5
3402D
  8
GUIDE1
  6
ByBlock
 62
0
  2
*U22
 10
77.0
 20
8.1
 30
0.0
  0
INSERT
  5
3402E
  8
GUIDE1
  6
ByBlock
 62
0
  2
*U22
 10
77.0
 20
8.64
 30
0.0
  0
INSERT
  5
3402F
  8
GUIDE1
  6
ByBlock
 62
0
  2
*U22
 10
77.0
 20
9.18
 30
0.0
  0
INSERT
  5
34030
  8
GUIDE1
  6
ByBlock
 62
0
  2
*U22
 10
77.0
 20
9.72
 30
0.0
  0
INSERT
  5
34031
  8
GUIDE1
  6
ByBlock
 62
0
  2
*U22
 10
77.0
 20
10.26
 30
0.0
  0
INSERT
  5
34032
  8
GUIDE1
  6
ByBlock
 62
0
  2
*U22
 10
77.0
 20
10.8
 30
0.0
  0
INSERT
  5
34033
  8
GUIDE1
  6
ByBlock
 62
0
  2
*U22
 10
77.0
 20
11.34
 30
0.0
  0
INSERT
  5
34034
  8
GUIDE1
  6
ByBlock
 62
0
  2
*U22
 10
84.0
 20
0.0
 30
0.0
  0
INSERT
  5
34035
  8
GUIDE1
  6
ByBlock
 62
0
  2
*U22
 10
84.0
 20
0.54
 30
0.0
  0
INSERT
  5
34036
  8
GUIDE1
  6
ByBlock
 62
0
  2
*U22
 10
84.0
 20
1.08
 30
0.0
  0
INSERT
  5
34037
  8
GUIDE1
  6
ByBlock
 62
0
  2
*U22
 10
84.0
 20
1.62
 30
0.0
  0
INSERT
  5
34038
  8
GUIDE1
  6
ByBlock
 62
0
  2
*U22
 10
84.0
 20
2.16
 30
0.0
  0
INSERT
  5
34039
  8
GUIDE1
  6
ByBlock
 62
0
  2
*U22
 10
84.0
 20
2.7
 30
0.0
  0
INSERT
  5
3403A
  8
GUIDE1
  6
ByBlock
 62
0
  2
*U22
 10
84.0
 20
3.24
 30
0.0
  0
INSERT
  5
3403B
  8
GUIDE1
  6
ByBlock
 62
0
  2
*U22
 10
84.0
 20
3.78
 30
0.0
  0
INSERT
  5
3403C
  8
GUIDE1
  6
ByBlock
 62
0
  2
*U22
 10
84.0
 20
4.32
 30
0.0
  0
INSERT
  5
3403D
  8
GUIDE1
  6
ByBlock
 62
0
  2
*U22
 10
84.0
 20
4.86
 30
0.0
  0
INSERT
  5
3403E
  8
GUIDE1
  6
ByBlock
 62
0
  2
*U22
 10
84.0
 20
5.4
 30
0.0
  0
INSERT
  5
3403F
  8
GUIDE1
  6
ByBlock
 62
0
  2
*U22
 10
84.0
 20
5.94
 30
0.0
  0
INSERT
  5
34040
  8
GUIDE1
  6
ByBlock
 62
0
  2
*U22
 10
84.0
 20
6.48
 30
0.0
  0
INSERT
  5
34041
  8
GUIDE1
  6
ByBlock
 62
0
  2
*U22
 10
84.0
 20
7.02
 30
0.0
  0
INSERT
  5
34042
  8
GUIDE1
  6
ByBlock
 62
0
  2
*U22
 10
84.0
 20
7.56
 30
0.0
  0
INSERT
  5
34043
  8
GUIDE1
  6
ByBlock
 62
0
  2
*U22
 10
84.0
 20
8.1
 30
0.0
  0
INSERT
  5
34044
  8
GUIDE1
  6
ByBlock
 62
0
  2
*U22
 10
84.0
 20
8.64
 30
0.0
  0
INSERT
  5
34045
  8
GUIDE1
  6
ByBlock
 62
0
  2
*U22
 10
84.0
 20
9.18
 30
0.0
  0
INSERT
  5
34046
  8
GUIDE1
  6
ByBlock
 62
0
  2
*U22
 10
84.0
 20
9.72
 30
0.0
  0
INSERT
  5
34047
  8
GUIDE1
  6
ByBlock
 62
0
  2
*U22
 10
84.0
 20
10.26
 30
0.0
  0
INSERT
  5
34048
  8
GUIDE1
  6
ByBlock
 62
0
  2
*U22
 10
84.0
 20
10.8
 30
0.0
  0
INSERT
  5
34049
  8
GUIDE1
  6
ByBlock
 62
0
  2
*U22
 10
84.0
 20
11.34
 30
0.0
  0
INSERT
  5
3404A
  8
GUIDE1
  6
ByBlock
 62
0
  2
*U22
 10
91.0
 20
0.0
 30
0.0
  0
INSERT
  5
3404B
  8
GUIDE1
  6
ByBlock
 62
0
  2
*U22
 10
91.0
 20
0.54
 30
0.0
  0
INSERT
  5
3404C
  8
GUIDE1
  6
ByBlock
 62
0
  2
*U22
 10
91.0
 20
1.08
 30
0.0
  0
INSERT
  5
3404D
  8
GUIDE1
  6
ByBlock
 62
0
  2
*U22
 10
91.0
 20
1.62
 30
0.0
  0
INSERT
  5
3404E
  8
GUIDE1
  6
ByBlock
 62
0
  2
*U22
 10
91.0
 20
2.16
 30
0.0
  0
INSERT
  5
3404F
  8
GUIDE1
  6
ByBlock
 62
0
  2
*U22
 10
91.0
 20
2.7
 30
0.0
  0
INSERT
  5
34050
  8
GUIDE1
  6
ByBlock
 62
0
  2
*U22
 10
91.0
 20
3.24
 30
0.0
  0
INSERT
  5
34051
  8
GUIDE1
  6
ByBlock
 62
0
  2
*U22
 10
91.0
 20
3.78
 30
0.0
  0
INSERT
  5
34052
  8
GUIDE1
  6
ByBlock
 62
0
  2
*U22
 10
91.0
 20
4.32
 30
0.0
  0
INSERT
  5
34053
  8
GUIDE1
  6
ByBlock
 62
0
  2
*U22
 10
91.0
 20
4.86
 30
0.0
  0
INSERT
  5
34054
  8
GUIDE1
  6
ByBlock
 62
0
  2
*U22
 10
91.0
 20
5.4
 30
0.0
  0
INSERT
  5
34055
  8
GUIDE1
  6
ByBlock
 62
0
  2
*U22
 10
91.0
 20
5.94
 30
0.0
  0
INSERT
  5
34056
  8
GUIDE1
  6
ByBlock
 62
0
  2
*U22
 10
91.0
 20
6.48
 30
0.0
  0
INSERT
  5
34057
  8
GUIDE1
  6
ByBlock
 62
0
  2
*U22
 10
91.0
 20
7.02
 30
0.0
  0
INSERT
  5
34058
  8
GUIDE1
  6
ByBlock
 62
0
  2
*U22
 10
91.0
 20
7.56
 30
0.0
  0
INSERT
  5
34059
  8
GUIDE1
  6
ByBlock
 62
0
  2
*U22
 10
91.0
 20
8.1
 30
0.0
  0
INSERT
  5
3405A
  8
GUIDE1
  6
ByBlock
 62
0
  2
*U22
 10
91.0
 20
8.64
 30
0.0
  0
INSERT
  5
3405B
  8
GUIDE1
  6
ByBlock
 62
0
  2
*U22
 10
91.0
 20
9.18
 30
0.0
  0
INSERT
  5
3405C
  8
GUIDE1
  6
ByBlock
 62
0
  2
*U22
 10
91.0
 20
9.72
 30
0.0
  0
INSERT
  5
3405D
  8
GUIDE1
  6
ByBlock
 62
0
  2
*U22
 10
91.0
 20
10.26
 30
0.0
  0
INSERT
  5
3405E
  8
GUIDE1
  6
ByBlock
 62
0
  2
*U22
 10
91.0
 20
10.8
 30
0.0
  0
INSERT
  5
3405F
  8
GUIDE1
  6
ByBlock
 62
0
  2
*U22
 10
91.0
 20
11.34
 30
0.0
  0
INSERT
  5
34060
  8
GUIDE1
  6
ByBlock
 62
0
  2
*U22
 10
98.0
 20
0.0
 30
0.0
  0
INSERT
  5
34061
  8
GUIDE1
  6
ByBlock
 62
0
  2
*U22
 10
98.0
 20
0.54
 30
0.0
  0
INSERT
  5
34062
  8
GUIDE1
  6
ByBlock
 62
0
  2
*U22
 10
98.0
 20
1.08
 30
0.0
  0
INSERT
  5
34063
  8
GUIDE1
  6
ByBlock
 62
0
  2
*U22
 10
98.0
 20
1.62
 30
0.0
  0
INSERT
  5
34064
  8
GUIDE1
  6
ByBlock
 62
0
  2
*U22
 10
98.0
 20
2.16
 30
0.0
  0
INSERT
  5
34065
  8
GUIDE1
  6
ByBlock
 62
0
  2
*U22
 10
98.0
 20
2.7
 30
0.0
  0
INSERT
  5
34066
  8
GUIDE1
  6
ByBlock
 62
0
  2
*U22
 10
98.0
 20
3.24
 30
0.0
  0
INSERT
  5
34067
  8
GUIDE1
  6
ByBlock
 62
0
  2
*U22
 10
98.0
 20
3.78
 30
0.0
  0
INSERT
  5
34068
  8
GUIDE1
  6
ByBlock
 62
0
  2
*U22
 10
98.0
 20
4.32
 30
0.0
  0
INSERT
  5
34069
  8
GUIDE1
  6
ByBlock
 62
0
  2
*U22
 10
98.0
 20
4.86
 30
0.0
  0
INSERT
  5
3406A
  8
GUIDE1
  6
ByBlock
 62
0
  2
*U22
 10
98.0
 20
5.4
 30
0.0
  0
INSERT
  5
3406B
  8
GUIDE1
  6
ByBlock
 62
0
  2
*U22
 10
98.0
 20
5.94
 30
0.0
  0
INSERT
  5
3406C
  8
GUIDE1
  6
ByBlock
 62
0
  2
*U22
 10
98.0
 20
6.48
 30
0.0
  0
INSERT
  5
3406D
  8
GUIDE1
  6
ByBlock
 62
0
  2
*U22
 10
98.0
 20
7.02
 30
0.0
  0
INSERT
  5
3406E
  8
GUIDE1
  6
ByBlock
 62
0
  2
*U22
 10
98.0
 20
7.56
 30
0.0
  0
INSERT
  5
3406F
  8
GUIDE1
  6
ByBlock
 62
0
  2
*U22
 10
98.0
 20
8.1
 30
0.0
  0
INSERT
  5
34070
  8
GUIDE1
  6
ByBlock
 62
0
  2
*U22
 10
98.0
 20
8.64
 30
0.0
  0
INSERT
  5
34071
  8
GUIDE1
  6
ByBlock
 62
0
  2
*U22
 10
98.0
 20
9.18
 30
0.0
  0
INSERT
  5
34072
  8
GUIDE1
  6
ByBlock
 62
0
  2
*U22
 10
98.0
 20
9.72
 30
0.0
  0
INSERT
  5
34073
  8
GUIDE1
  6
ByBlock
 62
0
  2
*U22
 10
98.0
 20
10.26
 30
0.0
  0
INSERT
  5
34074
  8
GUIDE1
  6
ByBlock
 62
0
  2
*U22
 10
98.0
 20
10.8
 30
0.0
  0
INSERT
  5
34075
  8
GUIDE1
  6
ByBlock
 62
0
  2
*U22
 10
98.0
 20
11.34
 30
0.0
  0
INSERT
  5
34076
  8
GUIDE1
  6
ByBlock
 62
0
  2
*U22
 10
105.0
 20
0.0
 30
0.0
  0
INSERT
  5
34077
  8
GUIDE1
  6
ByBlock
 62
0
  2
*U22
 10
105.0
 20
0.54
 30
0.0
  0
INSERT
  5
34078
  8
GUIDE1
  6
ByBlock
 62
0
  2
*U22
 10
105.0
 20
1.08
 30
0.0
  0
INSERT
  5
34079
  8
GUIDE1
  6
ByBlock
 62
0
  2
*U22
 10
105.0
 20
1.62
 30
0.0
  0
INSERT
  5
3407A
  8
GUIDE1
  6
ByBlock
 62
0
  2
*U22
 10
105.0
 20
2.16
 30
0.0
  0
INSERT
  5
3407B
  8
GUIDE1
  6
ByBlock
 62
0
  2
*U22
 10
105.0
 20
2.7
 30
0.0
  0
INSERT
  5
3407C
  8
GUIDE1
  6
ByBlock
 62
0
  2
*U22
 10
105.0
 20
3.24
 30
0.0
  0
INSERT
  5
3407D
  8
GUIDE1
  6
ByBlock
 62
0
  2
*U22
 10
105.0
 20
3.78
 30
0.0
  0
INSERT
  5
3407E
  8
GUIDE1
  6
ByBlock
 62
0
  2
*U22
 10
105.0
 20
4.32
 30
0.0
  0
INSERT
  5
3407F
  8
GUIDE1
  6
ByBlock
 62
0
  2
*U22
 10
105.0
 20
4.86
 30
0.0
  0
INSERT
  5
34080
  8
GUIDE1
  6
ByBlock
 62
0
  2
*U22
 10
105.0
 20
5.4
 30
0.0
  0
INSERT
  5
34081
  8
GUIDE1
  6
ByBlock
 62
0
  2
*U22
 10
105.0
 20
5.94
 30
0.0
  0
INSERT
  5
34082
  8
GUIDE1
  6
ByBlock
 62
0
  2
*U22
 10
105.0
 20
6.48
 30
0.0
  0
INSERT
  5
34083
  8
GUIDE1
  6
ByBlock
 62
0
  2
*U22
 10
105.0
 20
7.02
 30
0.0
  0
INSERT
  5
34084
  8
GUIDE1
  6
ByBlock
 62
0
  2
*U22
 10
105.0
 20
7.56
 30
0.0
  0
INSERT
  5
34085
  8
GUIDE1
  6
ByBlock
 62
0
  2
*U22
 10
105.0
 20
8.1
 30
0.0
  0
INSERT
  5
34086
  8
GUIDE1
  6
ByBlock
 62
0
  2
*U22
 10
105.0
 20
8.64
 30
0.0
  0
INSERT
  5
34087
  8
GUIDE1
  6
ByBlock
 62
0
  2
*U22
 10
105.0
 20
9.18
 30
0.0
  0
INSERT
  5
34088
  8
GUIDE1
  6
ByBlock
 62
0
  2
*U22
 10
105.0
 20
9.72
 30
0.0
  0
INSERT
  5
34089
  8
GUIDE1
  6
ByBlock
 62
0
  2
*U22
 10
105.0
 20
10.26
 30
0.0
  0
INSERT
  5
3408A
  8
GUIDE1
  6
ByBlock
 62
0
  2
*U22
 10
105.0
 20
10.8
 30
0.0
  0
INSERT
  5
3408B
  8
GUIDE1
  6
ByBlock
 62
0
  2
*U22
 10
105.0
 20
11.34
 30
0.0
  0
INSERT
  5
3408C
  8
GUIDE1
  6
ByBlock
 62
0
  2
*U22
 10
112.0
 20
0.0
 30
0.0
  0
INSERT
  5
3408D
  8
GUIDE1
  6
ByBlock
 62
0
  2
*U22
 10
112.0
 20
0.54
 30
0.0
  0
INSERT
  5
3408E
  8
GUIDE1
  6
ByBlock
 62
0
  2
*U22
 10
112.0
 20
1.08
 30
0.0
  0
INSERT
  5
3408F
  8
GUIDE1
  6
ByBlock
 62
0
  2
*U22
 10
112.0
 20
1.62
 30
0.0
  0
INSERT
  5
34090
  8
GUIDE1
  6
ByBlock
 62
0
  2
*U22
 10
112.0
 20
2.16
 30
0.0
  0
INSERT
  5
34091
  8
GUIDE1
  6
ByBlock
 62
0
  2
*U22
 10
112.0
 20
2.7
 30
0.0
  0
INSERT
  5
34092
  8
GUIDE1
  6
ByBlock
 62
0
  2
*U22
 10
112.0
 20
3.24
 30
0.0
  0
INSERT
  5
34093
  8
GUIDE1
  6
ByBlock
 62
0
  2
*U22
 10
112.0
 20
3.78
 30
0.0
  0
INSERT
  5
34094
  8
GUIDE1
  6
ByBlock
 62
0
  2
*U22
 10
112.0
 20
4.32
 30
0.0
  0
INSERT
  5
34095
  8
GUIDE1
  6
ByBlock
 62
0
  2
*U22
 10
112.0
 20
4.86
 30
0.0
  0
INSERT
  5
34096
  8
GUIDE1
  6
ByBlock
 62
0
  2
*U22
 10
112.0
 20
5.4
 30
0.0
  0
INSERT
  5
34097
  8
GUIDE1
  6
ByBlock
 62
0
  2
*U22
 10
112.0
 20
5.94
 30
0.0
  0
INSERT
  5
34098
  8
GUIDE1
  6
ByBlock
 62
0
  2
*U22
 10
112.0
 20
6.48
 30
0.0
  0
INSERT
  5
34099
  8
GUIDE1
  6
ByBlock
 62
0
  2
*U22
 10
112.0
 20
7.02
 30
0.0
  0
INSERT
  5
3409A
  8
GUIDE1
  6
ByBlock
 62
0
  2
*U22
 10
112.0
 20
7.56
 30
0.0
  0
INSERT
  5
3409B
  8
GUIDE1
  6
ByBlock
 62
0
  2
*U22
 10
112.0
 20
8.1
 30
0.0
  0
INSERT
  5
3409C
  8
GUIDE1
  6
ByBlock
 62
0
  2
*U22
 10
112.0
 20
8.64
 30
0.0
  0
INSERT
  5
3409D
  8
GUIDE1
  6
ByBlock
 62
0
  2
*U22
 10
112.0
 20
9.18
 30
0.0
  0
INSERT
  5
3409E
  8
GUIDE1
  6
ByBlock
 62
0
  2
*U22
 10
112.0
 20
9.72
 30
0.0
  0
INSERT
  5
3409F
  8
GUIDE1
  6
ByBlock
 62
0
  2
*U22
 10
112.0
 20
10.26
 30
0.0
  0
INSERT
  5
340A0
  8
GUIDE1
  6
ByBlock
 62
0
  2
*U22
 10
112.0
 20
10.8
 30
0.0
  0
INSERT
  5
340A1
  8
GUIDE1
  6
ByBlock
 62
0
  2
*U22
 10
112.0
 20
11.34
 30
0.0
  0
INSERT
  5
340A2
  8
GUIDE1
  6
ByBlock
 62
0
  2
*U22
 10
119.0
 20
0.0
 30
0.0
  0
INSERT
  5
340A3
  8
GUIDE1
  6
ByBlock
 62
0
  2
*U22
 10
119.0
 20
0.54
 30
0.0
  0
INSERT
  5
340A4
  8
GUIDE1
  6
ByBlock
 62
0
  2
*U22
 10
119.0
 20
1.08
 30
0.0
  0
INSERT
  5
340A5
  8
GUIDE1
  6
ByBlock
 62
0
  2
*U22
 10
119.0
 20
1.62
 30
0.0
  0
INSERT
  5
340A6
  8
GUIDE1
  6
ByBlock
 62
0
  2
*U22
 10
119.0
 20
2.16
 30
0.0
  0
INSERT
  5
340A7
  8
GUIDE1
  6
ByBlock
 62
0
  2
*U22
 10
119.0
 20
2.7
 30
0.0
  0
INSERT
  5
340A8
  8
GUIDE1
  6
ByBlock
 62
0
  2
*U22
 10
119.0
 20
3.24
 30
0.0
  0
INSERT
  5
340A9
  8
GUIDE1
  6
ByBlock
 62
0
  2
*U22
 10
119.0
 20
3.78
 30
0.0
  0
INSERT
  5
340AA
  8
GUIDE1
  6
ByBlock
 62
0
  2
*U22
 10
119.0
 20
4.32
 30
0.0
  0
INSERT
  5
340AB
  8
GUIDE1
  6
ByBlock
 62
0
  2
*U22
 10
119.0
 20
4.86
 30
0.0
  0
INSERT
  5
340AC
  8
GUIDE1
  6
ByBlock
 62
0
  2
*U22
 10
119.0
 20
5.4
 30
0.0
  0
INSERT
  5
340AD
  8
GUIDE1
  6
ByBlock
 62
0
  2
*U22
 10
119.0
 20
5.94
 30
0.0
  0
INSERT
  5
340AE
  8
GUIDE1
  6
ByBlock
 62
0
  2
*U22
 10
119.0
 20
6.48
 30
0.0
  0
INSERT
  5
340AF
  8
GUIDE1
  6
ByBlock
 62
0
  2
*U22
 10
119.0
 20
7.02
 30
0.0
  0
INSERT
  5
340B0
  8
GUIDE1
  6
ByBlock
 62
0
  2
*U22
 10
119.0
 20
7.56
 30
0.0
  0
INSERT
  5
340B1
  8
GUIDE1
  6
ByBlock
 62
0
  2
*U22
 10
119.0
 20
8.1
 30
0.0
  0
INSERT
  5
340B2
  8
GUIDE1
  6
ByBlock
 62
0
  2
*U22
 10
119.0
 20
8.64
 30
0.0
  0
INSERT
  5
340B3
  8
GUIDE1
  6
ByBlock
 62
0
  2
*U22
 10
119.0
 20
9.18
 30
0.0
  0
INSERT
  5
340B4
  8
GUIDE1
  6
ByBlock
 62
0
  2
*U22
 10
119.0
 20
9.72
 30
0.0
  0
INSERT
  5
340B5
  8
GUIDE1
  6
ByBlock
 62
0
  2
*U22
 10
119.0
 20
10.26
 30
0.0
  0
INSERT
  5
340B6
  8
GUIDE1
  6
ByBlock
 62
0
  2
*U22
 10
119.0
 20
10.8
 30
0.0
  0
INSERT
  5
340B7
  8
GUIDE1
  6
ByBlock
 62
0
  2
*U22
 10
119.0
 20
11.34
 30
0.0
  0
INSERT
  5
340B8
  8
GUIDE1
  6
ByBlock
 62
0
  2
*U22
 10
126.0
 20
0.0
 30
0.0
  0
INSERT
  5
340B9
  8
GUIDE1
  6
ByBlock
 62
0
  2
*U22
 10
126.0
 20
0.54
 30
0.0
  0
INSERT
  5
340BA
  8
GUIDE1
  6
ByBlock
 62
0
  2
*U22
 10
126.0
 20
1.08
 30
0.0
  0
INSERT
  5
340BB
  8
GUIDE1
  6
ByBlock
 62
0
  2
*U22
 10
126.0
 20
1.62
 30
0.0
  0
INSERT
  5
340BC
  8
GUIDE1
  6
ByBlock
 62
0
  2
*U22
 10
126.0
 20
2.16
 30
0.0
  0
INSERT
  5
340BD
  8
GUIDE1
  6
ByBlock
 62
0
  2
*U22
 10
126.0
 20
2.7
 30
0.0
  0
INSERT
  5
340BE
  8
GUIDE1
  6
ByBlock
 62
0
  2
*U22
 10
126.0
 20
3.24
 30
0.0
  0
INSERT
  5
340BF
  8
GUIDE1
  6
ByBlock
 62
0
  2
*U22
 10
126.0
 20
3.78
 30
0.0
  0
INSERT
  5
340C0
  8
GUIDE1
  6
ByBlock
 62
0
  2
*U22
 10
126.0
 20
4.32
 30
0.0
  0
INSERT
  5
340C1
  8
GUIDE1
  6
ByBlock
 62
0
  2
*U22
 10
126.0
 20
4.86
 30
0.0
  0
INSERT
  5
340C2
  8
GUIDE1
  6
ByBlock
 62
0
  2
*U22
 10
126.0
 20
5.4
 30
0.0
  0
INSERT
  5
340C3
  8
GUIDE1
  6
ByBlock
 62
0
  2
*U22
 10
126.0
 20
5.94
 30
0.0
  0
INSERT
  5
340C4
  8
GUIDE1
  6
ByBlock
 62
0
  2
*U22
 10
126.0
 20
6.48
 30
0.0
  0
INSERT
  5
340C5
  8
GUIDE1
  6
ByBlock
 62
0
  2
*U22
 10
126.0
 20
7.02
 30
0.0
  0
INSERT
  5
340C6
  8
GUIDE1
  6
ByBlock
 62
0
  2
*U22
 10
126.0
 20
7.56
 30
0.0
  0
INSERT
  5
340C7
  8
GUIDE1
  6
ByBlock
 62
0
  2
*U22
 10
126.0
 20
8.1
 30
0.0
  0
INSERT
  5
340C8
  8
GUIDE1
  6
ByBlock
 62
0
  2
*U22
 10
126.0
 20
8.64
 30
0.0
  0
INSERT
  5
340C9
  8
GUIDE1
  6
ByBlock
 62
0
  2
*U22
 10
126.0
 20
9.18
 30
0.0
  0
INSERT
  5
340CA
  8
GUIDE1
  6
ByBlock
 62
0
  2
*U22
 10
126.0
 20
9.72
 30
0.0
  0
INSERT
  5
340CB
  8
GUIDE1
  6
ByBlock
 62
0
  2
*U22
 10
126.0
 20
10.26
 30
0.0
  0
INSERT
  5
340CC
  8
GUIDE1
  6
ByBlock
 62
0
  2
*U22
 10
126.0
 20
10.8
 30
0.0
  0
INSERT
  5
340CD
  8
GUIDE1
  6
ByBlock
 62
0
  2
*U22
 10
126.0
 20
11.34
 30
0.0
  0
INSERT
  5
340CE
  8
GUIDE1
  6
ByBlock
 62
0
  2
*U22
 10
133.0
 20
0.0
 30
0.0
  0
INSERT
  5
340CF
  8
GUIDE1
  6
ByBlock
 62
0
  2
*U22
 10
133.0
 20
0.54
 30
0.0
  0
INSERT
  5
340D0
  8
GUIDE1
  6
ByBlock
 62
0
  2
*U22
 10
133.0
 20
1.08
 30
0.0
  0
INSERT
  5
340D1
  8
GUIDE1
  6
ByBlock
 62
0
  2
*U22
 10
133.0
 20
1.62
 30
0.0
  0
INSERT
  5
340D2
  8
GUIDE1
  6
ByBlock
 62
0
  2
*U22
 10
133.0
 20
2.16
 30
0.0
  0
INSERT
  5
340D3
  8
GUIDE1
  6
ByBlock
 62
0
  2
*U22
 10
133.0
 20
2.7
 30
0.0
  0
INSERT
  5
340D4
  8
GUIDE1
  6
ByBlock
 62
0
  2
*U22
 10
133.0
 20
3.24
 30
0.0
  0
INSERT
  5
340D5
  8
GUIDE1
  6
ByBlock
 62
0
  2
*U22
 10
133.0
 20
3.78
 30
0.0
  0
INSERT
  5
340D6
  8
GUIDE1
  6
ByBlock
 62
0
  2
*U22
 10
133.0
 20
4.32
 30
0.0
  0
INSERT
  5
340D7
  8
GUIDE1
  6
ByBlock
 62
0
  2
*U22
 10
133.0
 20
4.86
 30
0.0
  0
INSERT
  5
340D8
  8
GUIDE1
  6
ByBlock
 62
0
  2
*U22
 10
133.0
 20
5.4
 30
0.0
  0
INSERT
  5
340D9
  8
GUIDE1
  6
ByBlock
 62
0
  2
*U22
 10
133.0
 20
5.94
 30
0.0
  0
INSERT
  5
340DA
  8
GUIDE1
  6
ByBlock
 62
0
  2
*U22
 10
133.0
 20
6.48
 30
0.0
  0
INSERT
  5
340DB
  8
GUIDE1
  6
ByBlock
 62
0
  2
*U22
 10
133.0
 20
7.02
 30
0.0
  0
INSERT
  5
340DC
  8
GUIDE1
  6
ByBlock
 62
0
  2
*U22
 10
133.0
 20
7.56
 30
0.0
  0
INSERT
  5
340DD
  8
GUIDE1
  6
ByBlock
 62
0
  2
*U22
 10
133.0
 20
8.1
 30
0.0
  0
INSERT
  5
340DE
  8
GUIDE1
  6
ByBlock
 62
0
  2
*U22
 10
133.0
 20
8.64
 30
0.0
  0
INSERT
  5
340DF
  8
GUIDE1
  6
ByBlock
 62
0
  2
*U22
 10
133.0
 20
9.18
 30
0.0
  0
INSERT
  5
340E0
  8
GUIDE1
  6
ByBlock
 62
0
  2
*U22
 10
133.0
 20
9.72
 30
0.0
  0
INSERT
  5
340E1
  8
GUIDE1
  6
ByBlock
 62
0
  2
*U22
 10
133.0
 20
10.26
 30
0.0
  0
INSERT
  5
340E2
  8
GUIDE1
  6
ByBlock
 62
0
  2
*U22
 10
133.0
 20
10.8
 30
0.0
  0
INSERT
  5
340E3
  8
GUIDE1
  6
ByBlock
 62
0
  2
*U22
 10
133.0
 20
11.34
 30
0.0
  0
INSERT
  5
340E4
  8
GUIDE1
  6
ByBlock
 62
0
  2
*U22
 10
140.0
 20
0.0
 30
0.0
  0
INSERT
  5
340E5
  8
GUIDE1
  6
ByBlock
 62
0
  2
*U22
 10
140.0
 20
0.54
 30
0.0
  0
INSERT
  5
340E6
  8
GUIDE1
  6
ByBlock
 62
0
  2
*U22
 10
140.0
 20
1.08
 30
0.0
  0
INSERT
  5
340E7
  8
GUIDE1
  6
ByBlock
 62
0
  2
*U22
 10
140.0
 20
1.62
 30
0.0
  0
INSERT
  5
340E8
  8
GUIDE1
  6
ByBlock
 62
0
  2
*U22
 10
140.0
 20
2.16
 30
0.0
  0
INSERT
  5
340E9
  8
GUIDE1
  6
ByBlock
 62
0
  2
*U22
 10
140.0
 20
2.7
 30
0.0
  0
INSERT
  5
340EA
  8
GUIDE1
  6
ByBlock
 62
0
  2
*U22
 10
140.0
 20
3.24
 30
0.0
  0
INSERT
  5
340EB
  8
GUIDE1
  6
ByBlock
 62
0
  2
*U22
 10
140.0
 20
3.78
 30
0.0
  0
INSERT
  5
340EC
  8
GUIDE1
  6
ByBlock
 62
0
  2
*U22
 10
140.0
 20
4.32
 30
0.0
  0
INSERT
  5
340ED
  8
GUIDE1
  6
ByBlock
 62
0
  2
*U22
 10
140.0
 20
4.86
 30
0.0
  0
INSERT
  5
340EE
  8
GUIDE1
  6
ByBlock
 62
0
  2
*U22
 10
140.0
 20
5.4
 30
0.0
  0
INSERT
  5
340EF
  8
GUIDE1
  6
ByBlock
 62
0
  2
*U22
 10
140.0
 20
5.94
 30
0.0
  0
INSERT
  5
340F0
  8
GUIDE1
  6
ByBlock
 62
0
  2
*U22
 10
140.0
 20
6.48
 30
0.0
  0
INSERT
  5
340F1
  8
GUIDE1
  6
ByBlock
 62
0
  2
*U22
 10
140.0
 20
7.02
 30
0.0
  0
INSERT
  5
340F2
  8
GUIDE1
  6
ByBlock
 62
0
  2
*U22
 10
140.0
 20
7.56
 30
0.0
  0
INSERT
  5
340F3
  8
GUIDE1
  6
ByBlock
 62
0
  2
*U22
 10
140.0
 20
8.1
 30
0.0
  0
INSERT
  5
340F4
  8
GUIDE1
  6
ByBlock
 62
0
  2
*U22
 10
140.0
 20
8.64
 30
0.0
  0
INSERT
  5
340F5
  8
GUIDE1
  6
ByBlock
 62
0
  2
*U22
 10
140.0
 20
9.18
 30
0.0
  0
INSERT
  5
340F6
  8
GUIDE1
  6
ByBlock
 62
0
  2
*U22
 10
140.0
 20
9.72
 30
0.0
  0
INSERT
  5
340F7
  8
GUIDE1
  6
ByBlock
 62
0
  2
*U22
 10
140.0
 20
10.26
 30
0.0
  0
INSERT
  5
340F8
  8
GUIDE1
  6
ByBlock
 62
0
  2
*U22
 10
140.0
 20
10.8
 30
0.0
  0
INSERT
  5
340F9
  8
GUIDE1
  6
ByBlock
 62
0
  2
*U22
 10
140.0
 20
11.34
 30
0.0
  0
INSERT
  5
340FA
  8
GUIDE1
  6
ByBlock
 62
0
  2
*U22
 10
147.0
 20
0.0
 30
0.0
  0
INSERT
  5
340FB
  8
GUIDE1
  6
ByBlock
 62
0
  2
*U22
 10
147.0
 20
0.54
 30
0.0
  0
INSERT
  5
340FC
  8
GUIDE1
  6
ByBlock
 62
0
  2
*U22
 10
147.0
 20
1.08
 30
0.0
  0
INSERT
  5
340FD
  8
GUIDE1
  6
ByBlock
 62
0
  2
*U22
 10
147.0
 20
1.62
 30
0.0
  0
INSERT
  5
340FE
  8
GUIDE1
  6
ByBlock
 62
0
  2
*U22
 10
147.0
 20
2.16
 30
0.0
  0
INSERT
  5
340FF
  8
GUIDE1
  6
ByBlock
 62
0
  2
*U22
 10
147.0
 20
2.7
 30
0.0
  0
INSERT
  5
34100
  8
GUIDE1
  6
ByBlock
 62
0
  2
*U22
 10
147.0
 20
3.24
 30
0.0
  0
INSERT
  5
34101
  8
GUIDE1
  6
ByBlock
 62
0
  2
*U22
 10
147.0
 20
3.78
 30
0.0
  0
INSERT
  5
34102
  8
GUIDE1
  6
ByBlock
 62
0
  2
*U22
 10
147.0
 20
4.32
 30
0.0
  0
INSERT
  5
34103
  8
GUIDE1
  6
ByBlock
 62
0
  2
*U22
 10
147.0
 20
4.86
 30
0.0
  0
INSERT
  5
34104
  8
GUIDE1
  6
ByBlock
 62
0
  2
*U22
 10
147.0
 20
5.4
 30
0.0
  0
INSERT
  5
34105
  8
GUIDE1
  6
ByBlock
 62
0
  2
*U22
 10
147.0
 20
5.94
 30
0.0
  0
INSERT
  5
34106
  8
GUIDE1
  6
ByBlock
 62
0
  2
*U22
 10
147.0
 20
6.48
 30
0.0
  0
INSERT
  5
34107
  8
GUIDE1
  6
ByBlock
 62
0
  2
*U22
 10
147.0
 20
7.02
 30
0.0
  0
INSERT
  5
34108
  8
GUIDE1
  6
ByBlock
 62
0
  2
*U22
 10
147.0
 20
7.56
 30
0.0
  0
INSERT
  5
34109
  8
GUIDE1
  6
ByBlock
 62
0
  2
*U22
 10
147.0
 20
8.1
 30
0.0
  0
INSERT
  5
3410A
  8
GUIDE1
  6
ByBlock
 62
0
  2
*U22
 10
147.0
 20
8.64
 30
0.0
  0
INSERT
  5
3410B
  8
GUIDE1
  6
ByBlock
 62
0
  2
*U22
 10
147.0
 20
9.18
 30
0.0
  0
INSERT
  5
3410C
  8
GUIDE1
  6
ByBlock
 62
0
  2
*U22
 10
147.0
 20
9.72
 30
0.0
  0
INSERT
  5
3410D
  8
GUIDE1
  6
ByBlock
 62
0
  2
*U22
 10
147.0
 20
10.26
 30
0.0
  0
INSERT
  5
3410E
  8
GUIDE1
  6
ByBlock
 62
0
  2
*U22
 10
147.0
 20
10.8
 30
0.0
  0
INSERT
  5
3410F
  8
GUIDE1
  6
ByBlock
 62
0
  2
*U22
 10
147.0
 20
11.34
 30
0.0
  0
ENDBLK
  8
0
  0
BLOCK
  8
0
  2
*D24
 70
0
 10
0.0
 20
0.0
 30
0.0
  3
*D24
  1

  0
LINE
  5
34120
  8
0
  6
ByBlock
 10
567.3765838658
 20
338.987541452
 30
0.0
 11
567.3765838658
 21
338.8722207422
 31
0.0
  0
LINE
  5
34121
  8
0
  6
ByBlock
 10
567.3565838658
 20
338.987541452
 30
0.0
 11
567.3565838658
 21
338.8722207422
 31
0.0
  0
LINE
  5
34122
  8
0
  6
ByBlock
 10
570.8765838658
 20
339.8722207422
 30
0.0
 11
574.3765838658
 21
339.8722207422
 31
0.0
  0
LINE
  5
34123
  8
0
  6
ByBlock
 10
563.8565838658
 20
339.8722207422
 30
0.0
 11
549.7936212673
 21
339.8722207422
 31
0.0
  0
LINE
  5
34124
  8
0
  6
ByBlock
 10
567.3765838658
 20
339.8722207422
 30
0.0
 11
567.3565838658
 21
339.8722207422
 31
0.0
  0
POLYLINE
  5
34125
  8
0
 66
1
 10
0.0
 20
0.0
 30
0.0
 70
129
  0
VERTEX
  5
12ab57
  8
0
 10
570.8765838658
 20
340.4555540756
 30
0.0
  0
VERTEX
  5
12ab58
  8
0
 10
570.8765838658
 20
339.2888874089
 30
0.0
  0
VERTEX
  5
12ab59
  8
0
 10
567.3765838658
 20
339.8722207422
 30
0.0
  0
SEQEND
  5
12ab5a
  8
0
  0
POLYLINE
  5
34126
  8
0
 66
1
 10
0.0
 20
0.0
 30
0.0
 70
129
  0
VERTEX
  5
12ab5b
  8
0
 10
563.8565838658
 20
340.4555540756
 30
0.0
  0
VERTEX
  5
12ab5c
  8
0
 10
563.8565838658
 20
339.2888874089
 30
0.0
  0
VERTEX
  5
12ab5d
  8
0
 10
567.3565838658
 20
339.8722207422
 30
0.0
  0
SEQEND
  5
12ab5e
  8
0
  0
POINT
  5
34128
  8
GUIDE2
 62
0
 10
567.3765838658
 20
339.987541452
 30
0.0
  0
POINT
  5
34129
  8
GUIDE2
 62
0
 10
567.3565838658
 20
339.987541452
 30
0.0
  0
POINT
  5
3412A
  8
GUIDE2
 62
0
 10
567.3565838658
 20
339.8722207422
 30
0.0
  0
ENDBLK
  8
0
  0
BLOCK
  8
0
  2
*U25
 70
0
 10
0.0
 20
0.0
 30
0.0
  3
*U25
  1

  0
LINE
  5
34134
  8
0
 62
1
 10
-3.38
 20
0.0
 30
0.0
 11
3.38
 21
0.0
 31
0.0
  0
ENDBLK
  8
0
  0
BLOCK
  8
0
  2
*U26
 70
0
 10
0.0
 20
0.0
 30
0.0
  3
*U26
  1

  0
INSERT
  5
3413F
  8
GUIDE1
  6
ByBlock
 62
0
  2
*U25
 10
0.0
 20
0.0
 30
0.0
  0
INSERT
  5
34140
  8
GUIDE1
  6
ByBlock
 62
0
  2
*U25
 10
0.0
 20
0.54
 30
0.0
  0
INSERT
  5
34141
  8
GUIDE1
  6
ByBlock
 62
0
  2
*U25
 10
0.0
 20
1.08
 30
0.0
  0
INSERT
  5
34142
  8
GUIDE1
  6
ByBlock
 62
0
  2
*U25
 10
0.0
 20
1.62
 30
0.0
  0
INSERT
  5
34143
  8
GUIDE1
  6
ByBlock
 62
0
  2
*U25
 10
0.0
 20
2.16
 30
0.0
  0
INSERT
  5
34144
  8
GUIDE1
  6
ByBlock
 62
0
  2
*U25
 10
0.0
 20
2.7
 30
0.0
  0
INSERT
  5
34145
  8
GUIDE1
  6
ByBlock
 62
0
  2
*U25
 10
0.0
 20
3.24
 30
0.0
  0
INSERT
  5
34146
  8
GUIDE1
  6
ByBlock
 62
0
  2
*U25
 10
0.0
 20
3.78
 30
0.0
  0
INSERT
  5
34147
  8
GUIDE1
  6
ByBlock
 62
0
  2
*U25
 10
0.0
 20
4.32
 30
0.0
  0
INSERT
  5
34148
  8
GUIDE1
  6
ByBlock
 62
0
  2
*U25
 10
0.0
 20
4.86
 30
0.0
  0
INSERT
  5
34149
  8
GUIDE1
  6
ByBlock
 62
0
  2
*U25
 10
0.0
 20
5.4
 30
0.0
  0
INSERT
  5
3414A
  8
GUIDE1
  6
ByBlock
 62
0
  2
*U25
 10
0.0
 20
5.94
 30
0.0
  0
INSERT
  5
3414B
  8
GUIDE1
  6
ByBlock
 62
0
  2
*U25
 10
0.0
 20
6.48
 30
0.0
  0
INSERT
  5
3414C
  8
GUIDE1
  6
ByBlock
 62
0
  2
*U25
 10
0.0
 20
7.02
 30
0.0
  0
INSERT
  5
3414D
  8
GUIDE1
  6
ByBlock
 62
0
  2
*U25
 10
0.0
 20
7.56
 30
0.0
  0
INSERT
  5
3414E
  8
GUIDE1
  6
ByBlock
 62
0
  2
*U25
 10
0.0
 20
8.1
 30
0.0
  0
INSERT
  5
3414F
  8
GUIDE1
  6
ByBlock
 62
0
  2
*U25
 10
0.0
 20
8.64
 30
0.0
  0
INSERT
  5
34150
  8
GUIDE1
  6
ByBlock
 62
0
  2
*U25
 10
0.0
 20
9.18
 30
0.0
  0
INSERT
  5
34151
  8
GUIDE1
  6
ByBlock
 62
0
  2
*U25
 10
0.0
 20
9.72
 30
0.0
  0
INSERT
  5
34152
  8
GUIDE1
  6
ByBlock
 62
0
  2
*U25
 10
0.0
 20
10.26
 30
0.0
  0
INSERT
  5
34153
  8
GUIDE1
  6
ByBlock
 62
0
  2
*U25
 10
0.0
 20
10.8
 30
0.0
  0
INSERT
  5
34154
  8
GUIDE1
  6
ByBlock
 62
0
  2
*U25
 10
0.0
 20
11.34
 30
0.0
  0
INSERT
  5
34155
  8
GUIDE1
  6
ByBlock
 62
0
  2
*U25
 10
0.0
 20
11.88
 30
0.0
  0
INSERT
  5
34157
  8
GUIDE1
  6
ByBlock
 62
0
  2
*U25
 10
7.0
 20
0.0
 30
0.0
  0
INSERT
  5
34158
  8
GUIDE1
  6
ByBlock
 62
0
  2
*U25
 10
7.0
 20
0.54
 30
0.0
  0
INSERT
  5
34159
  8
GUIDE1
  6
ByBlock
 62
0
  2
*U25
 10
7.0
 20
1.08
 30
0.0
  0
INSERT
  5
3415A
  8
GUIDE1
  6
ByBlock
 62
0
  2
*U25
 10
7.0
 20
1.62
 30
0.0
  0
INSERT
  5
3415B
  8
GUIDE1
  6
ByBlock
 62
0
  2
*U25
 10
7.0
 20
2.16
 30
0.0
  0
INSERT
  5
3415C
  8
GUIDE1
  6
ByBlock
 62
0
  2
*U25
 10
7.0
 20
2.7
 30
0.0
  0
INSERT
  5
3415D
  8
GUIDE1
  6
ByBlock
 62
0
  2
*U25
 10
7.0
 20
3.24
 30
0.0
  0
INSERT
  5
3415E
  8
GUIDE1
  6
ByBlock
 62
0
  2
*U25
 10
7.0
 20
3.78
 30
0.0
  0
INSERT
  5
3415F
  8
GUIDE1
  6
ByBlock
 62
0
  2
*U25
 10
7.0
 20
4.32
 30
0.0
  0
INSERT
  5
34160
  8
GUIDE1
  6
ByBlock
 62
0
  2
*U25
 10
7.0
 20
4.86
 30
0.0
  0
INSERT
  5
34161
  8
GUIDE1
  6
ByBlock
 62
0
  2
*U25
 10
7.0
 20
5.4
 30
0.0
  0
INSERT
  5
34162
  8
GUIDE1
  6
ByBlock
 62
0
  2
*U25
 10
7.0
 20
5.94
 30
0.0
  0
INSERT
  5
34163
  8
GUIDE1
  6
ByBlock
 62
0
  2
*U25
 10
7.0
 20
6.48
 30
0.0
  0
INSERT
  5
34164
  8
GUIDE1
  6
ByBlock
 62
0
  2
*U25
 10
7.0
 20
7.02
 30
0.0
  0
INSERT
  5
34165
  8
GUIDE1
  6
ByBlock
 62
0
  2
*U25
 10
7.0
 20
7.56
 30
0.0
  0
INSERT
  5
34166
  8
GUIDE1
  6
ByBlock
 62
0
  2
*U25
 10
7.0
 20
8.1
 30
0.0
  0
INSERT
  5
34167
  8
GUIDE1
  6
ByBlock
 62
0
  2
*U25
 10
7.0
 20
8.64
 30
0.0
  0
INSERT
  5
34168
  8
GUIDE1
  6
ByBlock
 62
0
  2
*U25
 10
7.0
 20
9.18
 30
0.0
  0
INSERT
  5
34169
  8
GUIDE1
  6
ByBlock
 62
0
  2
*U25
 10
7.0
 20
9.72
 30
0.0
  0
INSERT
  5
3416A
  8
GUIDE1
  6
ByBlock
 62
0
  2
*U25
 10
7.0
 20
10.26
 30
0.0
  0
INSERT
  5
3416B
  8
GUIDE1
  6
ByBlock
 62
0
  2
*U25
 10
7.0
 20
10.8
 30
0.0
  0
INSERT
  5
3416C
  8
GUIDE1
  6
ByBlock
 62
0
  2
*U25
 10
7.0
 20
11.34
 30
0.0
  0
INSERT
  5
3416D
  8
GUIDE1
  6
ByBlock
 62
0
  2
*U25
 10
7.0
 20
11.88
 30
0.0
  0
INSERT
  5
3416F
  8
GUIDE1
  6
ByBlock
 62
0
  2
*U25
 10
14.0
 20
0.0
 30
0.0
  0
INSERT
  5
34170
  8
GUIDE1
  6
ByBlock
 62
0
  2
*U25
 10
14.0
 20
0.54
 30
0.0
  0
INSERT
  5
34171
  8
GUIDE1
  6
ByBlock
 62
0
  2
*U25
 10
14.0
 20
1.08
 30
0.0
  0
INSERT
  5
34172
  8
GUIDE1
  6
ByBlock
 62
0
  2
*U25
 10
14.0
 20
1.62
 30
0.0
  0
INSERT
  5
34173
  8
GUIDE1
  6
ByBlock
 62
0
  2
*U25
 10
14.0
 20
2.16
 30
0.0
  0
INSERT
  5
34174
  8
GUIDE1
  6
ByBlock
 62
0
  2
*U25
 10
14.0
 20
2.7
 30
0.0
  0
INSERT
  5
34175
  8
GUIDE1
  6
ByBlock
 62
0
  2
*U25
 10
14.0
 20
3.24
 30
0.0
  0
INSERT
  5
34176
  8
GUIDE1
  6
ByBlock
 62
0
  2
*U25
 10
14.0
 20
3.78
 30
0.0
  0
INSERT
  5
34177
  8
GUIDE1
  6
ByBlock
 62
0
  2
*U25
 10
14.0
 20
4.32
 30
0.0
  0
INSERT
  5
34178
  8
GUIDE1
  6
ByBlock
 62
0
  2
*U25
 10
14.0
 20
4.86
 30
0.0
  0
INSERT
  5
34179
  8
GUIDE1
  6
ByBlock
 62
0
  2
*U25
 10
14.0
 20
5.4
 30
0.0
  0
INSERT
  5
3417A
  8
GUIDE1
  6
ByBlock
 62
0
  2
*U25
 10
14.0
 20
5.94
 30
0.0
  0
INSERT
  5
3417B
  8
GUIDE1
  6
ByBlock
 62
0
  2
*U25
 10
14.0
 20
6.48
 30
0.0
  0
INSERT
  5
3417C
  8
GUIDE1
  6
ByBlock
 62
0
  2
*U25
 10
14.0
 20
7.02
 30
0.0
  0
INSERT
  5
3417D
  8
GUIDE1
  6
ByBlock
 62
0
  2
*U25
 10
14.0
 20
7.56
 30
0.0
  0
INSERT
  5
3417E
  8
GUIDE1
  6
ByBlock
 62
0
  2
*U25
 10
14.0
 20
8.1
 30
0.0
  0
INSERT
  5
3417F
  8
GUIDE1
  6
ByBlock
 62
0
  2
*U25
 10
14.0
 20
8.64
 30
0.0
  0
INSERT
  5
34180
  8
GUIDE1
  6
ByBlock
 62
0
  2
*U25
 10
14.0
 20
9.18
 30
0.0
  0
INSERT
  5
34181
  8
GUIDE1
  6
ByBlock
 62
0
  2
*U25
 10
14.0
 20
9.72
 30
0.0
  0
INSERT
  5
34182
  8
GUIDE1
  6
ByBlock
 62
0
  2
*U25
 10
14.0
 20
10.26
 30
0.0
  0
INSERT
  5
34183
  8
GUIDE1
  6
ByBlock
 62
0
  2
*U25
 10
14.0
 20
10.8
 30
0.0
  0
INSERT
  5
34184
  8
GUIDE1
  6
ByBlock
 62
0
  2
*U25
 10
14.0
 20
11.34
 30
0.0
  0
INSERT
  5
34185
  8
GUIDE1
  6
ByBlock
 62
0
  2
*U25
 10
14.0
 20
11.88
 30
0.0
  0
INSERT
  5
34187
  8
GUIDE1
  6
ByBlock
 62
0
  2
*U25
 10
21.0
 20
0.0
 30
0.0
  0
INSERT
  5
34188
  8
GUIDE1
  6
ByBlock
 62
0
  2
*U25
 10
21.0
 20
0.54
 30
0.0
  0
INSERT
  5
34189
  8
GUIDE1
  6
ByBlock
 62
0
  2
*U25
 10
21.0
 20
1.08
 30
0.0
  0
INSERT
  5
3418A
  8
GUIDE1
  6
ByBlock
 62
0
  2
*U25
 10
21.0
 20
1.62
 30
0.0
  0
INSERT
  5
3418B
  8
GUIDE1
  6
ByBlock
 62
0
  2
*U25
 10
21.0
 20
2.16
 30
0.0
  0
INSERT
  5
3418C
  8
GUIDE1
  6
ByBlock
 62
0
  2
*U25
 10
21.0
 20
2.7
 30
0.0
  0
INSERT
  5
3418D
  8
GUIDE1
  6
ByBlock
 62
0
  2
*U25
 10
21.0
 20
3.24
 30
0.0
  0
INSERT
  5
3418E
  8
GUIDE1
  6
ByBlock
 62
0
  2
*U25
 10
21.0
 20
3.78
 30
0.0
  0
INSERT
  5
3418F
  8
GUIDE1
  6
ByBlock
 62
0
  2
*U25
 10
21.0
 20
4.32
 30
0.0
  0
INSERT
  5
34190
  8
GUIDE1
  6
ByBlock
 62
0
  2
*U25
 10
21.0
 20
4.86
 30
0.0
  0
INSERT
  5
34191
  8
GUIDE1
  6
ByBlock
 62
0
  2
*U25
 10
21.0
 20
5.4
 30
0.0
  0
INSERT
  5
34192
  8
GUIDE1
  6
ByBlock
 62
0
  2
*U25
 10
21.0
 20
5.94
 30
0.0
  0
INSERT
  5
34193
  8
GUIDE1
  6
ByBlock
 62
0
  2
*U25
 10
21.0
 20
6.48
 30
0.0
  0
INSERT
  5
34194
  8
GUIDE1
  6
ByBlock
 62
0
  2
*U25
 10
21.0
 20
7.02
 30
0.0
  0
INSERT
  5
34195
  8
GUIDE1
  6
ByBlock
 62
0
  2
*U25
 10
21.0
 20
7.56
 30
0.0
  0
INSERT
  5
34196
  8
GUIDE1
  6
ByBlock
 62
0
  2
*U25
 10
21.0
 20
8.1
 30
0.0
  0
INSERT
  5
34197
  8
GUIDE1
  6
ByBlock
 62
0
  2
*U25
 10
21.0
 20
8.64
 30
0.0
  0
INSERT
  5
34198
  8
GUIDE1
  6
ByBlock
 62
0
  2
*U25
 10
21.0
 20
9.18
 30
0.0
  0
INSERT
  5
34199
  8
GUIDE1
  6
ByBlock
 62
0
  2
*U25
 10
21.0
 20
9.72
 30
0.0
  0
INSERT
  5
3419A
  8
GUIDE1
  6
ByBlock
 62
0
  2
*U25
 10
21.0
 20
10.26
 30
0.0
  0
INSERT
  5
3419B
  8
GUIDE1
  6
ByBlock
 62
0
  2
*U25
 10
21.0
 20
10.8
 30
0.0
  0
INSERT
  5
3419C
  8
GUIDE1
  6
ByBlock
 62
0
  2
*U25
 10
21.0
 20
11.34
 30
0.0
  0
INSERT
  5
3419D
  8
GUIDE1
  6
ByBlock
 62
0
  2
*U25
 10
21.0
 20
11.88
 30
0.0
  0
INSERT
  5
3419F
  8
GUIDE1
  6
ByBlock
 62
0
  2
*U25
 10
28.0
 20
0.0
 30
0.0
  0
INSERT
  5
341A0
  8
GUIDE1
  6
ByBlock
 62
0
  2
*U25
 10
28.0
 20
0.54
 30
0.0
  0
INSERT
  5
341A1
  8
GUIDE1
  6
ByBlock
 62
0
  2
*U25
 10
28.0
 20
1.08
 30
0.0
  0
INSERT
  5
341A2
  8
GUIDE1
  6
ByBlock
 62
0
  2
*U25
 10
28.0
 20
1.62
 30
0.0
  0
INSERT
  5
341A3
  8
GUIDE1
  6
ByBlock
 62
0
  2
*U25
 10
28.0
 20
2.16
 30
0.0
  0
INSERT
  5
341A4
  8
GUIDE1
  6
ByBlock
 62
0
  2
*U25
 10
28.0
 20
2.7
 30
0.0
  0
INSERT
  5
341A5
  8
GUIDE1
  6
ByBlock
 62
0
  2
*U25
 10
28.0
 20
3.24
 30
0.0
  0
INSERT
  5
341A6
  8
GUIDE1
  6
ByBlock
 62
0
  2
*U25
 10
28.0
 20
3.78
 30
0.0
  0
INSERT
  5
341A7
  8
GUIDE1
  6
ByBlock
 62
0
  2
*U25
 10
28.0
 20
4.32
 30
0.0
  0
INSERT
  5
341A8
  8
GUIDE1
  6
ByBlock
 62
0
  2
*U25
 10
28.0
 20
4.86
 30
0.0
  0
INSERT
  5
341A9
  8
GUIDE1
  6
ByBlock
 62
0
  2
*U25
 10
28.0
 20
5.4
 30
0.0
  0
INSERT
  5
341AA
  8
GUIDE1
  6
ByBlock
 62
0
  2
*U25
 10
28.0
 20
5.94
 30
0.0
  0
INSERT
  5
341AB
  8
GUIDE1
  6
ByBlock
 62
0
  2
*U25
 10
28.0
 20
6.48
 30
0.0
  0
INSERT
  5
341AC
  8
GUIDE1
  6
ByBlock
 62
0
  2
*U25
 10
28.0
 20
7.02
 30
0.0
  0
INSERT
  5
341AD
  8
GUIDE1
  6
ByBlock
 62
0
  2
*U25
 10
28.0
 20
7.56
 30
0.0
  0
INSERT
  5
341AE
  8
GUIDE1
  6
ByBlock
 62
0
  2
*U25
 10
28.0
 20
8.1
 30
0.0
  0
INSERT
  5
341AF
  8
GUIDE1
  6
ByBlock
 62
0
  2
*U25
 10
28.0
 20
8.64
 30
0.0
  0
INSERT
  5
341B0
  8
GUIDE1
  6
ByBlock
 62
0
  2
*U25
 10
28.0
 20
9.18
 30
0.0
  0
INSERT
  5
341B1
  8
GUIDE1
  6
ByBlock
 62
0
  2
*U25
 10
28.0
 20
9.72
 30
0.0
  0
INSERT
  5
341B2
  8
GUIDE1
  6
ByBlock
 62
0
  2
*U25
 10
28.0
 20
10.26
 30
0.0
  0
INSERT
  5
341B3
  8
GUIDE1
  6
ByBlock
 62
0
  2
*U25
 10
28.0
 20
10.8
 30
0.0
  0
INSERT
  5
341B4
  8
GUIDE1
  6
ByBlock
 62
0
  2
*U25
 10
28.0
 20
11.34
 30
0.0
  0
INSERT
  5
341B5
  8
GUIDE1
  6
ByBlock
 62
0
  2
*U25
 10
28.0
 20
11.88
 30
0.0
  0
INSERT
  5
341B7
  8
GUIDE1
  6
ByBlock
 62
0
  2
*U25
 10
35.0
 20
0.0
 30
0.0
  0
INSERT
  5
341B8
  8
GUIDE1
  6
ByBlock
 62
0
  2
*U25
 10
35.0
 20
0.54
 30
0.0
  0
INSERT
  5
341B9
  8
GUIDE1
  6
ByBlock
 62
0
  2
*U25
 10
35.0
 20
1.08
 30
0.0
  0
INSERT
  5
341BA
  8
GUIDE1
  6
ByBlock
 62
0
  2
*U25
 10
35.0
 20
1.62
 30
0.0
  0
INSERT
  5
341BB
  8
GUIDE1
  6
ByBlock
 62
0
  2
*U25
 10
35.0
 20
2.16
 30
0.0
  0
INSERT
  5
341BC
  8
GUIDE1
  6
ByBlock
 62
0
  2
*U25
 10
35.0
 20
2.7
 30
0.0
  0
INSERT
  5
341BD
  8
GUIDE1
  6
ByBlock
 62
0
  2
*U25
 10
35.0
 20
3.24
 30
0.0
  0
INSERT
  5
341BE
  8
GUIDE1
  6
ByBlock
 62
0
  2
*U25
 10
35.0
 20
3.78
 30
0.0
  0
INSERT
  5
341BF
  8
GUIDE1
  6
ByBlock
 62
0
  2
*U25
 10
35.0
 20
4.32
 30
0.0
  0
INSERT
  5
341C0
  8
GUIDE1
  6
ByBlock
 62
0
  2
*U25
 10
35.0
 20
4.86
 30
0.0
  0
INSERT
  5
341C1
  8
GUIDE1
  6
ByBlock
 62
0
  2
*U25
 10
35.0
 20
5.4
 30
0.0
  0
INSERT
  5
341C2
  8
GUIDE1
  6
ByBlock
 62
0
  2
*U25
 10
35.0
 20
5.94
 30
0.0
  0
INSERT
  5
341C3
  8
GUIDE1
  6
ByBlock
 62
0
  2
*U25
 10
35.0
 20
6.48
 30
0.0
  0
INSERT
  5
341C4
  8
GUIDE1
  6
ByBlock
 62
0
  2
*U25
 10
35.0
 20
7.02
 30
0.0
  0
INSERT
  5
341C5
  8
GUIDE1
  6
ByBlock
 62
0
  2
*U25
 10
35.0
 20
7.56
 30
0.0
  0
INSERT
  5
341C6
  8
GUIDE1
  6
ByBlock
 62
0
  2
*U25
 10
35.0
 20
8.1
 30
0.0
  0
INSERT
  5
341C7
  8
GUIDE1
  6
ByBlock
 62
0
  2
*U25
 10
35.0
 20
8.64
 30
0.0
  0
INSERT
  5
341C8
  8
GUIDE1
  6
ByBlock
 62
0
  2
*U25
 10
35.0
 20
9.18
 30
0.0
  0
INSERT
  5
341C9
  8
GUIDE1
  6
ByBlock
 62
0
  2
*U25
 10
35.0
 20
9.72
 30
0.0
  0
INSERT
  5
341CA
  8
GUIDE1
  6
ByBlock
 62
0
  2
*U25
 10
35.0
 20
10.26
 30
0.0
  0
INSERT
  5
341CB
  8
GUIDE1
  6
ByBlock
 62
0
  2
*U25
 10
35.0
 20
10.8
 30
0.0
  0
INSERT
  5
341CC
  8
GUIDE1
  6
ByBlock
 62
0
  2
*U25
 10
35.0
 20
11.34
 30
0.0
  0
INSERT
  5
341CD
  8
GUIDE1
  6
ByBlock
 62
0
  2
*U25
 10
35.0
 20
11.88
 30
0.0
  0
INSERT
  5
341CF
  8
GUIDE1
  6
ByBlock
 62
0
  2
*U25
 10
42.0
 20
0.0
 30
0.0
  0
INSERT
  5
341D0
  8
GUIDE1
  6
ByBlock
 62
0
  2
*U25
 10
42.0
 20
0.54
 30
0.0
  0
INSERT
  5
341D1
  8
GUIDE1
  6
ByBlock
 62
0
  2
*U25
 10
42.0
 20
1.08
 30
0.0
  0
INSERT
  5
341D2
  8
GUIDE1
  6
ByBlock
 62
0
  2
*U25
 10
42.0
 20
1.62
 30
0.0
  0
INSERT
  5
341D3
  8
GUIDE1
  6
ByBlock
 62
0
  2
*U25
 10
42.0
 20
2.16
 30
0.0
  0
INSERT
  5
341D4
  8
GUIDE1
  6
ByBlock
 62
0
  2
*U25
 10
42.0
 20
2.7
 30
0.0
  0
INSERT
  5
341D5
  8
GUIDE1
  6
ByBlock
 62
0
  2
*U25
 10
42.0
 20
3.24
 30
0.0
  0
INSERT
  5
341D6
  8
GUIDE1
  6
ByBlock
 62
0
  2
*U25
 10
42.0
 20
3.78
 30
0.0
  0
INSERT
  5
341D7
  8
GUIDE1
  6
ByBlock
 62
0
  2
*U25
 10
42.0
 20
4.32
 30
0.0
  0
INSERT
  5
341D8
  8
GUIDE1
  6
ByBlock
 62
0
  2
*U25
 10
42.0
 20
4.86
 30
0.0
  0
INSERT
  5
341D9
  8
GUIDE1
  6
ByBlock
 62
0
  2
*U25
 10
42.0
 20
5.4
 30
0.0
  0
INSERT
  5
341DA
  8
GUIDE1
  6
ByBlock
 62
0
  2
*U25
 10
42.0
 20
5.94
 30
0.0
  0
INSERT
  5
341DB
  8
GUIDE1
  6
ByBlock
 62
0
  2
*U25
 10
42.0
 20
6.48
 30
0.0
  0
INSERT
  5
341DC
  8
GUIDE1
  6
ByBlock
 62
0
  2
*U25
 10
42.0
 20
7.02
 30
0.0
  0
INSERT
  5
341DD
  8
GUIDE1
  6
ByBlock
 62
0
  2
*U25
 10
42.0
 20
7.56
 30
0.0
  0
INSERT
  5
341DE
  8
GUIDE1
  6
ByBlock
 62
0
  2
*U25
 10
42.0
 20
8.1
 30
0.0
  0
INSERT
  5
341DF
  8
GUIDE1
  6
ByBlock
 62
0
  2
*U25
 10
42.0
 20
8.64
 30
0.0
  0
INSERT
  5
341E0
  8
GUIDE1
  6
ByBlock
 62
0
  2
*U25
 10
42.0
 20
9.18
 30
0.0
  0
INSERT
  5
341E1
  8
GUIDE1
  6
ByBlock
 62
0
  2
*U25
 10
42.0
 20
9.72
 30
0.0
  0
INSERT
  5
341E2
  8
GUIDE1
  6
ByBlock
 62
0
  2
*U25
 10
42.0
 20
10.26
 30
0.0
  0
INSERT
  5
341E3
  8
GUIDE1
  6
ByBlock
 62
0
  2
*U25
 10
42.0
 20
10.8
 30
0.0
  0
INSERT
  5
341E4
  8
GUIDE1
  6
ByBlock
 62
0
  2
*U25
 10
42.0
 20
11.34
 30
0.0
  0
INSERT
  5
341E5
  8
GUIDE1
  6
ByBlock
 62
0
  2
*U25
 10
42.0
 20
11.88
 30
0.0
  0
INSERT
  5
341E7
  8
GUIDE1
  6
ByBlock
 62
0
  2
*U25
 10
49.0
 20
0.0
 30
0.0
  0
INSERT
  5
341E8
  8
GUIDE1
  6
ByBlock
 62
0
  2
*U25
 10
49.0
 20
0.54
 30
0.0
  0
INSERT
  5
341E9
  8
GUIDE1
  6
ByBlock
 62
0
  2
*U25
 10
49.0
 20
1.08
 30
0.0
  0
INSERT
  5
341EA
  8
GUIDE1
  6
ByBlock
 62
0
  2
*U25
 10
49.0
 20
1.62
 30
0.0
  0
INSERT
  5
341EB
  8
GUIDE1
  6
ByBlock
 62
0
  2
*U25
 10
49.0
 20
2.16
 30
0.0
  0
INSERT
  5
341EC
  8
GUIDE1
  6
ByBlock
 62
0
  2
*U25
 10
49.0
 20
2.7
 30
0.0
  0
INSERT
  5
341ED
  8
GUIDE1
  6
ByBlock
 62
0
  2
*U25
 10
49.0
 20
3.24
 30
0.0
  0
INSERT
  5
341EE
  8
GUIDE1
  6
ByBlock
 62
0
  2
*U25
 10
49.0
 20
3.78
 30
0.0
  0
INSERT
  5
341EF
  8
GUIDE1
  6
ByBlock
 62
0
  2
*U25
 10
49.0
 20
4.32
 30
0.0
  0
INSERT
  5
341F0
  8
GUIDE1
  6
ByBlock
 62
0
  2
*U25
 10
49.0
 20
4.86
 30
0.0
  0
INSERT
  5
341F1
  8
GUIDE1
  6
ByBlock
 62
0
  2
*U25
 10
49.0
 20
5.4
 30
0.0
  0
INSERT
  5
341F2
  8
GUIDE1
  6
ByBlock
 62
0
  2
*U25
 10
49.0
 20
5.94
 30
0.0
  0
INSERT
  5
341F3
  8
GUIDE1
  6
ByBlock
 62
0
  2
*U25
 10
49.0
 20
6.48
 30
0.0
  0
INSERT
  5
341F4
  8
GUIDE1
  6
ByBlock
 62
0
  2
*U25
 10
49.0
 20
7.02
 30
0.0
  0
INSERT
  5
341F5
  8
GUIDE1
  6
ByBlock
 62
0
  2
*U25
 10
49.0
 20
7.56
 30
0.0
  0
INSERT
  5
341F6
  8
GUIDE1
  6
ByBlock
 62
0
  2
*U25
 10
49.0
 20
8.1
 30
0.0
  0
INSERT
  5
341F7
  8
GUIDE1
  6
ByBlock
 62
0
  2
*U25
 10
49.0
 20
8.64
 30
0.0
  0
INSERT
  5
341F8
  8
GUIDE1
  6
ByBlock
 62
0
  2
*U25
 10
49.0
 20
9.18
 30
0.0
  0
INSERT
  5
341F9
  8
GUIDE1
  6
ByBlock
 62
0
  2
*U25
 10
49.0
 20
9.72
 30
0.0
  0
INSERT
  5
341FA
  8
GUIDE1
  6
ByBlock
 62
0
  2
*U25
 10
49.0
 20
10.26
 30
0.0
  0
INSERT
  5
341FB
  8
GUIDE1
  6
ByBlock
 62
0
  2
*U25
 10
49.0
 20
10.8
 30
0.0
  0
INSERT
  5
341FC
  8
GUIDE1
  6
ByBlock
 62
0
  2
*U25
 10
49.0
 20
11.34
 30
0.0
  0
INSERT
  5
341FD
  8
GUIDE1
  6
ByBlock
 62
0
  2
*U25
 10
49.0
 20
11.88
 30
0.0
  0
INSERT
  5
341FF
  8
GUIDE1
  6
ByBlock
 62
0
  2
*U25
 10
56.0
 20
0.0
 30
0.0
  0
INSERT
  5
34200
  8
GUIDE1
  6
ByBlock
 62
0
  2
*U25
 10
56.0
 20
0.54
 30
0.0
  0
INSERT
  5
34201
  8
GUIDE1
  6
ByBlock
 62
0
  2
*U25
 10
56.0
 20
1.08
 30
0.0
  0
INSERT
  5
34202
  8
GUIDE1
  6
ByBlock
 62
0
  2
*U25
 10
56.0
 20
1.62
 30
0.0
  0
INSERT
  5
34203
  8
GUIDE1
  6
ByBlock
 62
0
  2
*U25
 10
56.0
 20
2.16
 30
0.0
  0
INSERT
  5
34204
  8
GUIDE1
  6
ByBlock
 62
0
  2
*U25
 10
56.0
 20
2.7
 30
0.0
  0
INSERT
  5
34205
  8
GUIDE1
  6
ByBlock
 62
0
  2
*U25
 10
56.0
 20
3.24
 30
0.0
  0
INSERT
  5
34206
  8
GUIDE1
  6
ByBlock
 62
0
  2
*U25
 10
56.0
 20
3.78
 30
0.0
  0
INSERT
  5
34207
  8
GUIDE1
  6
ByBlock
 62
0
  2
*U25
 10
56.0
 20
4.32
 30
0.0
  0
INSERT
  5
34208
  8
GUIDE1
  6
ByBlock
 62
0
  2
*U25
 10
56.0
 20
4.86
 30
0.0
  0
INSERT
  5
34209
  8
GUIDE1
  6
ByBlock
 62
0
  2
*U25
 10
56.0
 20
5.4
 30
0.0
  0
INSERT
  5
3420A
  8
GUIDE1
  6
ByBlock
 62
0
  2
*U25
 10
56.0
 20
5.94
 30
0.0
  0
INSERT
  5
3420B
  8
GUIDE1
  6
ByBlock
 62
0
  2
*U25
 10
56.0
 20
6.48
 30
0.0
  0
INSERT
  5
3420C
  8
GUIDE1
  6
ByBlock
 62
0
  2
*U25
 10
56.0
 20
7.02
 30
0.0
  0
INSERT
  5
3420D
  8
GUIDE1
  6
ByBlock
 62
0
  2
*U25
 10
56.0
 20
7.56
 30
0.0
  0
INSERT
  5
3420E
  8
GUIDE1
  6
ByBlock
 62
0
  2
*U25
 10
56.0
 20
8.1
 30
0.0
  0
INSERT
  5
3420F
  8
GUIDE1
  6
ByBlock
 62
0
  2
*U25
 10
56.0
 20
8.64
 30
0.0
  0
INSERT
  5
34210
  8
GUIDE1
  6
ByBlock
 62
0
  2
*U25
 10
56.0
 20
9.18
 30
0.0
  0
INSERT
  5
34211
  8
GUIDE1
  6
ByBlock
 62
0
  2
*U25
 10
56.0
 20
9.72
 30
0.0
  0
INSERT
  5
34212
  8
GUIDE1
  6
ByBlock
 62
0
  2
*U25
 10
56.0
 20
10.26
 30
0.0
  0
INSERT
  5
34213
  8
GUIDE1
  6
ByBlock
 62
0
  2
*U25
 10
56.0
 20
10.8
 30
0.0
  0
INSERT
  5
34214
  8
GUIDE1
  6
ByBlock
 62
0
  2
*U25
 10
56.0
 20
11.34
 30
0.0
  0
INSERT
  5
34215
  8
GUIDE1
  6
ByBlock
 62
0
  2
*U25
 10
56.0
 20
11.88
 30
0.0
  0
INSERT
  5
34217
  8
GUIDE1
  6
ByBlock
 62
0
  2
*U25
 10
63.0
 20
0.0
 30
0.0
  0
INSERT
  5
34218
  8
GUIDE1
  6
ByBlock
 62
0
  2
*U25
 10
63.0
 20
0.54
 30
0.0
  0
INSERT
  5
34219
  8
GUIDE1
  6
ByBlock
 62
0
  2
*U25
 10
63.0
 20
1.08
 30
0.0
  0
INSERT
  5
3421A
  8
GUIDE1
  6
ByBlock
 62
0
  2
*U25
 10
63.0
 20
1.62
 30
0.0
  0
INSERT
  5
3421B
  8
GUIDE1
  6
ByBlock
 62
0
  2
*U25
 10
63.0
 20
2.16
 30
0.0
  0
INSERT
  5
3421C
  8
GUIDE1
  6
ByBlock
 62
0
  2
*U25
 10
63.0
 20
2.7
 30
0.0
  0
INSERT
  5
3421D
  8
GUIDE1
  6
ByBlock
 62
0
  2
*U25
 10
63.0
 20
3.24
 30
0.0
  0
INSERT
  5
3421E
  8
GUIDE1
  6
ByBlock
 62
0
  2
*U25
 10
63.0
 20
3.78
 30
0.0
  0
INSERT
  5
3421F
  8
GUIDE1
  6
ByBlock
 62
0
  2
*U25
 10
63.0
 20
4.32
 30
0.0
  0
INSERT
  5
34220
  8
GUIDE1
  6
ByBlock
 62
0
  2
*U25
 10
63.0
 20
4.86
 30
0.0
  0
INSERT
  5
34221
  8
GUIDE1
  6
ByBlock
 62
0
  2
*U25
 10
63.0
 20
5.4
 30
0.0
  0
INSERT
  5
34222
  8
GUIDE1
  6
ByBlock
 62
0
  2
*U25
 10
63.0
 20
5.94
 30
0.0
  0
INSERT
  5
34223
  8
GUIDE1
  6
ByBlock
 62
0
  2
*U25
 10
63.0
 20
6.48
 30
0.0
  0
INSERT
  5
34224
  8
GUIDE1
  6
ByBlock
 62
0
  2
*U25
 10
63.0
 20
7.02
 30
0.0
  0
INSERT
  5
34225
  8
GUIDE1
  6
ByBlock
 62
0
  2
*U25
 10
63.0
 20
7.56
 30
0.0
  0
INSERT
  5
34226
  8
GUIDE1
  6
ByBlock
 62
0
  2
*U25
 10
63.0
 20
8.1
 30
0.0
  0
INSERT
  5
34227
  8
GUIDE1
  6
ByBlock
 62
0
  2
*U25
 10
63.0
 20
8.64
 30
0.0
  0
INSERT
  5
34228
  8
GUIDE1
  6
ByBlock
 62
0
  2
*U25
 10
63.0
 20
9.18
 30
0.0
  0
INSERT
  5
34229
  8
GUIDE1
  6
ByBlock
 62
0
  2
*U25
 10
63.0
 20
9.72
 30
0.0
  0
INSERT
  5
3422A
  8
GUIDE1
  6
ByBlock
 62
0
  2
*U25
 10
63.0
 20
10.26
 30
0.0
  0
INSERT
  5
3422B
  8
GUIDE1
  6
ByBlock
 62
0
  2
*U25
 10
63.0
 20
10.8
 30
0.0
  0
INSERT
  5
3422C
  8
GUIDE1
  6
ByBlock
 62
0
  2
*U25
 10
63.0
 20
11.34
 30
0.0
  0
INSERT
  5
3422D
  8
GUIDE1
  6
ByBlock
 62
0
  2
*U25
 10
63.0
 20
11.88
 30
0.0
  0
INSERT
  5
3422F
  8
GUIDE1
  6
ByBlock
 62
0
  2
*U25
 10
70.0
 20
0.0
 30
0.0
  0
INSERT
  5
34230
  8
GUIDE1
  6
ByBlock
 62
0
  2
*U25
 10
70.0
 20
0.54
 30
0.0
  0
INSERT
  5
34231
  8
GUIDE1
  6
ByBlock
 62
0
  2
*U25
 10
70.0
 20
1.08
 30
0.0
  0
INSERT
  5
34232
  8
GUIDE1
  6
ByBlock
 62
0
  2
*U25
 10
70.0
 20
1.62
 30
0.0
  0
INSERT
  5
34233
  8
GUIDE1
  6
ByBlock
 62
0
  2
*U25
 10
70.0
 20
2.16
 30
0.0
  0
INSERT
  5
34234
  8
GUIDE1
  6
ByBlock
 62
0
  2
*U25
 10
70.0
 20
2.7
 30
0.0
  0
INSERT
  5
34235
  8
GUIDE1
  6
ByBlock
 62
0
  2
*U25
 10
70.0
 20
3.24
 30
0.0
  0
INSERT
  5
34236
  8
GUIDE1
  6
ByBlock
 62
0
  2
*U25
 10
70.0
 20
3.78
 30
0.0
  0
INSERT
  5
34237
  8
GUIDE1
  6
ByBlock
 62
0
  2
*U25
 10
70.0
 20
4.32
 30
0.0
  0
INSERT
  5
34238
  8
GUIDE1
  6
ByBlock
 62
0
  2
*U25
 10
70.0
 20
4.86
 30
0.0
  0
INSERT
  5
34239
  8
GUIDE1
  6
ByBlock
 62
0
  2
*U25
 10
70.0
 20
5.4
 30
0.0
  0
INSERT
  5
3423A
  8
GUIDE1
  6
ByBlock
 62
0
  2
*U25
 10
70.0
 20
5.94
 30
0.0
  0
INSERT
  5
3423B
  8
GUIDE1
  6
ByBlock
 62
0
  2
*U25
 10
70.0
 20
6.48
 30
0.0
  0
INSERT
  5
3423C
  8
GUIDE1
  6
ByBlock
 62
0
  2
*U25
 10
70.0
 20
7.02
 30
0.0
  0
INSERT
  5
3423D
  8
GUIDE1
  6
ByBlock
 62
0
  2
*U25
 10
70.0
 20
7.56
 30
0.0
  0
INSERT
  5
3423E
  8
GUIDE1
  6
ByBlock
 62
0
  2
*U25
 10
70.0
 20
8.1
 30
0.0
  0
INSERT
  5
3423F
  8
GUIDE1
  6
ByBlock
 62
0
  2
*U25
 10
70.0
 20
8.64
 30
0.0
  0
INSERT
  5
34240
  8
GUIDE1
  6
ByBlock
 62
0
  2
*U25
 10
70.0
 20
9.18
 30
0.0
  0
INSERT
  5
34241
  8
GUIDE1
  6
ByBlock
 62
0
  2
*U25
 10
70.0
 20
9.72
 30
0.0
  0
INSERT
  5
34242
  8
GUIDE1
  6
ByBlock
 62
0
  2
*U25
 10
70.0
 20
10.26
 30
0.0
  0
INSERT
  5
34243
  8
GUIDE1
  6
ByBlock
 62
0
  2
*U25
 10
70.0
 20
10.8
 30
0.0
  0
INSERT
  5
34244
  8
GUIDE1
  6
ByBlock
 62
0
  2
*U25
 10
70.0
 20
11.34
 30
0.0
  0
INSERT
  5
34245
  8
GUIDE1
  6
ByBlock
 62
0
  2
*U25
 10
70.0
 20
11.88
 30
0.0
  0
INSERT
  5
34247
  8
GUIDE1
  6
ByBlock
 62
0
  2
*U25
 10
77.0
 20
0.0
 30
0.0
  0
INSERT
  5
34248
  8
GUIDE1
  6
ByBlock
 62
0
  2
*U25
 10
77.0
 20
0.54
 30
0.0
  0
INSERT
  5
34249
  8
GUIDE1
  6
ByBlock
 62
0
  2
*U25
 10
77.0
 20
1.08
 30
0.0
  0
INSERT
  5
3424A
  8
GUIDE1
  6
ByBlock
 62
0
  2
*U25
 10
77.0
 20
1.62
 30
0.0
  0
INSERT
  5
3424B
  8
GUIDE1
  6
ByBlock
 62
0
  2
*U25
 10
77.0
 20
2.16
 30
0.0
  0
INSERT
  5
3424C
  8
GUIDE1
  6
ByBlock
 62
0
  2
*U25
 10
77.0
 20
2.7
 30
0.0
  0
INSERT
  5
3424D
  8
GUIDE1
  6
ByBlock
 62
0
  2
*U25
 10
77.0
 20
3.24
 30
0.0
  0
INSERT
  5
3424E
  8
GUIDE1
  6
ByBlock
 62
0
  2
*U25
 10
77.0
 20
3.78
 30
0.0
  0
INSERT
  5
3424F
  8
GUIDE1
  6
ByBlock
 62
0
  2
*U25
 10
77.0
 20
4.32
 30
0.0
  0
INSERT
  5
34250
  8
GUIDE1
  6
ByBlock
 62
0
  2
*U25
 10
77.0
 20
4.86
 30
0.0
  0
INSERT
  5
34251
  8
GUIDE1
  6
ByBlock
 62
0
  2
*U25
 10
77.0
 20
5.4
 30
0.0
  0
INSERT
  5
34252
  8
GUIDE1
  6
ByBlock
 62
0
  2
*U25
 10
77.0
 20
5.94
 30
0.0
  0
INSERT
  5
34253
  8
GUIDE1
  6
ByBlock
 62
0
  2
*U25
 10
77.0
 20
6.48
 30
0.0
  0
INSERT
  5
34254
  8
GUIDE1
  6
ByBlock
 62
0
  2
*U25
 10
77.0
 20
7.02
 30
0.0
  0
INSERT
  5
34255
  8
GUIDE1
  6
ByBlock
 62
0
  2
*U25
 10
77.0
 20
7.56
 30
0.0
  0
INSERT
  5
34256
  8
GUIDE1
  6
ByBlock
 62
0
  2
*U25
 10
77.0
 20
8.1
 30
0.0
  0
INSERT
  5
34257
  8
GUIDE1
  6
ByBlock
 62
0
  2
*U25
 10
77.0
 20
8.64
 30
0.0
  0
INSERT
  5
34258
  8
GUIDE1
  6
ByBlock
 62
0
  2
*U25
 10
77.0
 20
9.18
 30
0.0
  0
INSERT
  5
34259
  8
GUIDE1
  6
ByBlock
 62
0
  2
*U25
 10
77.0
 20
9.72
 30
0.0
  0
INSERT
  5
3425A
  8
GUIDE1
  6
ByBlock
 62
0
  2
*U25
 10
77.0
 20
10.26
 30
0.0
  0
INSERT
  5
3425B
  8
GUIDE1
  6
ByBlock
 62
0
  2
*U25
 10
77.0
 20
10.8
 30
0.0
  0
INSERT
  5
3425C
  8
GUIDE1
  6
ByBlock
 62
0
  2
*U25
 10
77.0
 20
11.34
 30
0.0
  0
INSERT
  5
3425D
  8
GUIDE1
  6
ByBlock
 62
0
  2
*U25
 10
77.0
 20
11.88
 30
0.0
  0
INSERT
  5
3425F
  8
GUIDE1
  6
ByBlock
 62
0
  2
*U25
 10
84.0
 20
0.0
 30
0.0
  0
INSERT
  5
34260
  8
GUIDE1
  6
ByBlock
 62
0
  2
*U25
 10
84.0
 20
0.54
 30
0.0
  0
INSERT
  5
34261
  8
GUIDE1
  6
ByBlock
 62
0
  2
*U25
 10
84.0
 20
1.08
 30
0.0
  0
INSERT
  5
34262
  8
GUIDE1
  6
ByBlock
 62
0
  2
*U25
 10
84.0
 20
1.62
 30
0.0
  0
INSERT
  5
34263
  8
GUIDE1
  6
ByBlock
 62
0
  2
*U25
 10
84.0
 20
2.16
 30
0.0
  0
INSERT
  5
34264
  8
GUIDE1
  6
ByBlock
 62
0
  2
*U25
 10
84.0
 20
2.7
 30
0.0
  0
INSERT
  5
34265
  8
GUIDE1
  6
ByBlock
 62
0
  2
*U25
 10
84.0
 20
3.24
 30
0.0
  0
INSERT
  5
34266
  8
GUIDE1
  6
ByBlock
 62
0
  2
*U25
 10
84.0
 20
3.78
 30
0.0
  0
INSERT
  5
34267
  8
GUIDE1
  6
ByBlock
 62
0
  2
*U25
 10
84.0
 20
4.32
 30
0.0
  0
INSERT
  5
34268
  8
GUIDE1
  6
ByBlock
 62
0
  2
*U25
 10
84.0
 20
4.86
 30
0.0
  0
INSERT
  5
34269
  8
GUIDE1
  6
ByBlock
 62
0
  2
*U25
 10
84.0
 20
5.4
 30
0.0
  0
INSERT
  5
3426A
  8
GUIDE1
  6
ByBlock
 62
0
  2
*U25
 10
84.0
 20
5.94
 30
0.0
  0
INSERT
  5
3426B
  8
GUIDE1
  6
ByBlock
 62
0
  2
*U25
 10
84.0
 20
6.48
 30
0.0
  0
INSERT
  5
3426C
  8
GUIDE1
  6
ByBlock
 62
0
  2
*U25
 10
84.0
 20
7.02
 30
0.0
  0
INSERT
  5
3426D
  8
GUIDE1
  6
ByBlock
 62
0
  2
*U25
 10
84.0
 20
7.56
 30
0.0
  0
INSERT
  5
3426E
  8
GUIDE1
  6
ByBlock
 62
0
  2
*U25
 10
84.0
 20
8.1
 30
0.0
  0
INSERT
  5
3426F
  8
GUIDE1
  6
ByBlock
 62
0
  2
*U25
 10
84.0
 20
8.64
 30
0.0
  0
INSERT
  5
34270
  8
GUIDE1
  6
ByBlock
 62
0
  2
*U25
 10
84.0
 20
9.18
 30
0.0
  0
INSERT
  5
34271
  8
GUIDE1
  6
ByBlock
 62
0
  2
*U25
 10
84.0
 20
9.72
 30
0.0
  0
INSERT
  5
34272
  8
GUIDE1
  6
ByBlock
 62
0
  2
*U25
 10
84.0
 20
10.26
 30
0.0
  0
INSERT
  5
34273
  8
GUIDE1
  6
ByBlock
 62
0
  2
*U25
 10
84.0
 20
10.8
 30
0.0
  0
INSERT
  5
34274
  8
GUIDE1
  6
ByBlock
 62
0
  2
*U25
 10
84.0
 20
11.34
 30
0.0
  0
INSERT
  5
34275
  8
GUIDE1
  6
ByBlock
 62
0
  2
*U25
 10
84.0
 20
11.88
 30
0.0
  0
INSERT
  5
34277
  8
GUIDE1
  6
ByBlock
 62
0
  2
*U25
 10
91.0
 20
0.0
 30
0.0
  0
INSERT
  5
34278
  8
GUIDE1
  6
ByBlock
 62
0
  2
*U25
 10
91.0
 20
0.54
 30
0.0
  0
INSERT
  5
34279
  8
GUIDE1
  6
ByBlock
 62
0
  2
*U25
 10
91.0
 20
1.08
 30
0.0
  0
INSERT
  5
3427A
  8
GUIDE1
  6
ByBlock
 62
0
  2
*U25
 10
91.0
 20
1.62
 30
0.0
  0
INSERT
  5
3427B
  8
GUIDE1
  6
ByBlock
 62
0
  2
*U25
 10
91.0
 20
2.16
 30
0.0
  0
INSERT
  5
3427C
  8
GUIDE1
  6
ByBlock
 62
0
  2
*U25
 10
91.0
 20
2.7
 30
0.0
  0
INSERT
  5
3427D
  8
GUIDE1
  6
ByBlock
 62
0
  2
*U25
 10
91.0
 20
3.24
 30
0.0
  0
INSERT
  5
3427E
  8
GUIDE1
  6
ByBlock
 62
0
  2
*U25
 10
91.0
 20
3.78
 30
0.0
  0
INSERT
  5
3427F
  8
GUIDE1
  6
ByBlock
 62
0
  2
*U25
 10
91.0
 20
4.32
 30
0.0
  0
INSERT
  5
34280
  8
GUIDE1
  6
ByBlock
 62
0
  2
*U25
 10
91.0
 20
4.86
 30
0.0
  0
INSERT
  5
34281
  8
GUIDE1
  6
ByBlock
 62
0
  2
*U25
 10
91.0
 20
5.4
 30
0.0
  0
INSERT
  5
34282
  8
GUIDE1
  6
ByBlock
 62
0
  2
*U25
 10
91.0
 20
5.94
 30
0.0
  0
INSERT
  5
34283
  8
GUIDE1
  6
ByBlock
 62
0
  2
*U25
 10
91.0
 20
6.48
 30
0.0
  0
INSERT
  5
34284
  8
GUIDE1
  6
ByBlock
 62
0
  2
*U25
 10
91.0
 20
7.02
 30
0.0
  0
INSERT
  5
34285
  8
GUIDE1
  6
ByBlock
 62
0
  2
*U25
 10
91.0
 20
7.56
 30
0.0
  0
INSERT
  5
34286
  8
GUIDE1
  6
ByBlock
 62
0
  2
*U25
 10
91.0
 20
8.1
 30
0.0
  0
INSERT
  5
34287
  8
GUIDE1
  6
ByBlock
 62
0
  2
*U25
 10
91.0
 20
8.64
 30
0.0
  0
INSERT
  5
34288
  8
GUIDE1
  6
ByBlock
 62
0
  2
*U25
 10
91.0
 20
9.18
 30
0.0
  0
INSERT
  5
34289
  8
GUIDE1
  6
ByBlock
 62
0
  2
*U25
 10
91.0
 20
9.72
 30
0.0
  0
INSERT
  5
3428A
  8
GUIDE1
  6
ByBlock
 62
0
  2
*U25
 10
91.0
 20
10.26
 30
0.0
  0
INSERT
  5
3428B
  8
GUIDE1
  6
ByBlock
 62
0
  2
*U25
 10
91.0
 20
10.8
 30
0.0
  0
INSERT
  5
3428C
  8
GUIDE1
  6
ByBlock
 62
0
  2
*U25
 10
91.0
 20
11.34
 30
0.0
  0
INSERT
  5
3428D
  8
GUIDE1
  6
ByBlock
 62
0
  2
*U25
 10
91.0
 20
11.88
 30
0.0
  0
INSERT
  5
3428F
  8
GUIDE1
  6
ByBlock
 62
0
  2
*U25
 10
98.0
 20
0.0
 30
0.0
  0
INSERT
  5
34290
  8
GUIDE1
  6
ByBlock
 62
0
  2
*U25
 10
98.0
 20
0.54
 30
0.0
  0
INSERT
  5
34291
  8
GUIDE1
  6
ByBlock
 62
0
  2
*U25
 10
98.0
 20
1.08
 30
0.0
  0
INSERT
  5
34292
  8
GUIDE1
  6
ByBlock
 62
0
  2
*U25
 10
98.0
 20
1.62
 30
0.0
  0
INSERT
  5
34293
  8
GUIDE1
  6
ByBlock
 62
0
  2
*U25
 10
98.0
 20
2.16
 30
0.0
  0
INSERT
  5
34294
  8
GUIDE1
  6
ByBlock
 62
0
  2
*U25
 10
98.0
 20
2.7
 30
0.0
  0
INSERT
  5
34295
  8
GUIDE1
  6
ByBlock
 62
0
  2
*U25
 10
98.0
 20
3.24
 30
0.0
  0
INSERT
  5
34296
  8
GUIDE1
  6
ByBlock
 62
0
  2
*U25
 10
98.0
 20
3.78
 30
0.0
  0
INSERT
  5
34297
  8
GUIDE1
  6
ByBlock
 62
0
  2
*U25
 10
98.0
 20
4.32
 30
0.0
  0
INSERT
  5
34298
  8
GUIDE1
  6
ByBlock
 62
0
  2
*U25
 10
98.0
 20
4.86
 30
0.0
  0
INSERT
  5
34299
  8
GUIDE1
  6
ByBlock
 62
0
  2
*U25
 10
98.0
 20
5.4
 30
0.0
  0
INSERT
  5
3429A
  8
GUIDE1
  6
ByBlock
 62
0
  2
*U25
 10
98.0
 20
5.94
 30
0.0
  0
INSERT
  5
3429B
  8
GUIDE1
  6
ByBlock
 62
0
  2
*U25
 10
98.0
 20
6.48
 30
0.0
  0
INSERT
  5
3429C
  8
GUIDE1
  6
ByBlock
 62
0
  2
*U25
 10
98.0
 20
7.02
 30
0.0
  0
INSERT
  5
3429D
  8
GUIDE1
  6
ByBlock
 62
0
  2
*U25
 10
98.0
 20
7.56
 30
0.0
  0
INSERT
  5
3429E
  8
GUIDE1
  6
ByBlock
 62
0
  2
*U25
 10
98.0
 20
8.1
 30
0.0
  0
INSERT
  5
3429F
  8
GUIDE1
  6
ByBlock
 62
0
  2
*U25
 10
98.0
 20
8.64
 30
0.0
  0
INSERT
  5
342A0
  8
GUIDE1
  6
ByBlock
 62
0
  2
*U25
 10
98.0
 20
9.18
 30
0.0
  0
INSERT
  5
342A1
  8
GUIDE1
  6
ByBlock
 62
0
  2
*U25
 10
98.0
 20
9.72
 30
0.0
  0
INSERT
  5
342A2
  8
GUIDE1
  6
ByBlock
 62
0
  2
*U25
 10
98.0
 20
10.26
 30
0.0
  0
INSERT
  5
342A3
  8
GUIDE1
  6
ByBlock
 62
0
  2
*U25
 10
98.0
 20
10.8
 30
0.0
  0
INSERT
  5
342A4
  8
GUIDE1
  6
ByBlock
 62
0
  2
*U25
 10
98.0
 20
11.34
 30
0.0
  0
INSERT
  5
342A5
  8
GUIDE1
  6
ByBlock
 62
0
  2
*U25
 10
98.0
 20
11.88
 30
0.0
  0
INSERT
  5
342A7
  8
GUIDE1
  6
ByBlock
 62
0
  2
*U25
 10
105.0
 20
0.0
 30
0.0
  0
INSERT
  5
342A8
  8
GUIDE1
  6
ByBlock
 62
0
  2
*U25
 10
105.0
 20
0.54
 30
0.0
  0
INSERT
  5
342A9
  8
GUIDE1
  6
ByBlock
 62
0
  2
*U25
 10
105.0
 20
1.08
 30
0.0
  0
INSERT
  5
342AA
  8
GUIDE1
  6
ByBlock
 62
0
  2
*U25
 10
105.0
 20
1.62
 30
0.0
  0
INSERT
  5
342AB
  8
GUIDE1
  6
ByBlock
 62
0
  2
*U25
 10
105.0
 20
2.16
 30
0.0
  0
INSERT
  5
342AC
  8
GUIDE1
  6
ByBlock
 62
0
  2
*U25
 10
105.0
 20
2.7
 30
0.0
  0
INSERT
  5
342AD
  8
GUIDE1
  6
ByBlock
 62
0
  2
*U25
 10
105.0
 20
3.24
 30
0.0
  0
INSERT
  5
342AE
  8
GUIDE1
  6
ByBlock
 62
0
  2
*U25
 10
105.0
 20
3.78
 30
0.0
  0
INSERT
  5
342AF
  8
GUIDE1
  6
ByBlock
 62
0
  2
*U25
 10
105.0
 20
4.32
 30
0.0
  0
INSERT
  5
342B0
  8
GUIDE1
  6
ByBlock
 62
0
  2
*U25
 10
105.0
 20
4.86
 30
0.0
  0
INSERT
  5
342B1
  8
GUIDE1
  6
ByBlock
 62
0
  2
*U25
 10
105.0
 20
5.4
 30
0.0
  0
INSERT
  5
342B2
  8
GUIDE1
  6
ByBlock
 62
0
  2
*U25
 10
105.0
 20
5.94
 30
0.0
  0
INSERT
  5
342B3
  8
GUIDE1
  6
ByBlock
 62
0
  2
*U25
 10
105.0
 20
6.48
 30
0.0
  0
INSERT
  5
342B4
  8
GUIDE1
  6
ByBlock
 62
0
  2
*U25
 10
105.0
 20
7.02
 30
0.0
  0
INSERT
  5
342B5
  8
GUIDE1
  6
ByBlock
 62
0
  2
*U25
 10
105.0
 20
7.56
 30
0.0
  0
INSERT
  5
342B6
  8
GUIDE1
  6
ByBlock
 62
0
  2
*U25
 10
105.0
 20
8.1
 30
0.0
  0
INSERT
  5
342B7
  8
GUIDE1
  6
ByBlock
 62
0
  2
*U25
 10
105.0
 20
8.64
 30
0.0
  0
INSERT
  5
342B8
  8
GUIDE1
  6
ByBlock
 62
0
  2
*U25
 10
105.0
 20
9.18
 30
0.0
  0
INSERT
  5
342B9
  8
GUIDE1
  6
ByBlock
 62
0
  2
*U25
 10
105.0
 20
9.72
 30
0.0
  0
INSERT
  5
342BA
  8
GUIDE1
  6
ByBlock
 62
0
  2
*U25
 10
105.0
 20
10.26
 30
0.0
  0
INSERT
  5
342BB
  8
GUIDE1
  6
ByBlock
 62
0
  2
*U25
 10
105.0
 20
10.8
 30
0.0
  0
INSERT
  5
342BC
  8
GUIDE1
  6
ByBlock
 62
0
  2
*U25
 10
105.0
 20
11.34
 30
0.0
  0
INSERT
  5
342BD
  8
GUIDE1
  6
ByBlock
 62
0
  2
*U25
 10
105.0
 20
11.88
 30
0.0
  0
INSERT
  5
342BF
  8
GUIDE1
  6
ByBlock
 62
0
  2
*U25
 10
112.0
 20
0.0
 30
0.0
  0
INSERT
  5
342C0
  8
GUIDE1
  6
ByBlock
 62
0
  2
*U25
 10
112.0
 20
0.54
 30
0.0
  0
INSERT
  5
342C1
  8
GUIDE1
  6
ByBlock
 62
0
  2
*U25
 10
112.0
 20
1.08
 30
0.0
  0
INSERT
  5
342C2
  8
GUIDE1
  6
ByBlock
 62
0
  2
*U25
 10
112.0
 20
1.62
 30
0.0
  0
INSERT
  5
342C3
  8
GUIDE1
  6
ByBlock
 62
0
  2
*U25
 10
112.0
 20
2.16
 30
0.0
  0
INSERT
  5
342C4
  8
GUIDE1
  6
ByBlock
 62
0
  2
*U25
 10
112.0
 20
2.7
 30
0.0
  0
INSERT
  5
342C5
  8
GUIDE1
  6
ByBlock
 62
0
  2
*U25
 10
112.0
 20
3.24
 30
0.0
  0
INSERT
  5
342C6
  8
GUIDE1
  6
ByBlock
 62
0
  2
*U25
 10
112.0
 20
3.78
 30
0.0
  0
INSERT
  5
342C7
  8
GUIDE1
  6
ByBlock
 62
0
  2
*U25
 10
112.0
 20
4.32
 30
0.0
  0
INSERT
  5
342C8
  8
GUIDE1
  6
ByBlock
 62
0
  2
*U25
 10
112.0
 20
4.86
 30
0.0
  0
INSERT
  5
342C9
  8
GUIDE1
  6
ByBlock
 62
0
  2
*U25
 10
112.0
 20
5.4
 30
0.0
  0
INSERT
  5
342CA
  8
GUIDE1
  6
ByBlock
 62
0
  2
*U25
 10
112.0
 20
5.94
 30
0.0
  0
INSERT
  5
342CB
  8
GUIDE1
  6
ByBlock
 62
0
  2
*U25
 10
112.0
 20
6.48
 30
0.0
  0
INSERT
  5
342CC
  8
GUIDE1
  6
ByBlock
 62
0
  2
*U25
 10
112.0
 20
7.02
 30
0.0
  0
INSERT
  5
342CD
  8
GUIDE1
  6
ByBlock
 62
0
  2
*U25
 10
112.0
 20
7.56
 30
0.0
  0
INSERT
  5
342CE
  8
GUIDE1
  6
ByBlock
 62
0
  2
*U25
 10
112.0
 20
8.1
 30
0.0
  0
INSERT
  5
342CF
  8
GUIDE1
  6
ByBlock
 62
0
  2
*U25
 10
112.0
 20
8.64
 30
0.0
  0
INSERT
  5
342D0
  8
GUIDE1
  6
ByBlock
 62
0
  2
*U25
 10
112.0
 20
9.18
 30
0.0
  0
INSERT
  5
342D1
  8
GUIDE1
  6
ByBlock
 62
0
  2
*U25
 10
112.0
 20
9.72
 30
0.0
  0
INSERT
  5
342D2
  8
GUIDE1
  6
ByBlock
 62
0
  2
*U25
 10
112.0
 20
10.26
 30
0.0
  0
INSERT
  5
342D3
  8
GUIDE1
  6
ByBlock
 62
0
  2
*U25
 10
112.0
 20
10.8
 30
0.0
  0
INSERT
  5
342D4
  8
GUIDE1
  6
ByBlock
 62
0
  2
*U25
 10
112.0
 20
11.34
 30
0.0
  0
INSERT
  5
342D5
  8
GUIDE1
  6
ByBlock
 62
0
  2
*U25
 10
112.0
 20
11.88
 30
0.0
  0
INSERT
  5
342D7
  8
GUIDE1
  6
ByBlock
 62
0
  2
*U25
 10
119.0
 20
0.0
 30
0.0
  0
INSERT
  5
342D8
  8
GUIDE1
  6
ByBlock
 62
0
  2
*U25
 10
119.0
 20
0.54
 30
0.0
  0
INSERT
  5
342D9
  8
GUIDE1
  6
ByBlock
 62
0
  2
*U25
 10
119.0
 20
1.08
 30
0.0
  0
INSERT
  5
342DA
  8
GUIDE1
  6
ByBlock
 62
0
  2
*U25
 10
119.0
 20
1.62
 30
0.0
  0
INSERT
  5
342DB
  8
GUIDE1
  6
ByBlock
 62
0
  2
*U25
 10
119.0
 20
2.16
 30
0.0
  0
INSERT
  5
342DC
  8
GUIDE1
  6
ByBlock
 62
0
  2
*U25
 10
119.0
 20
2.7
 30
0.0
  0
INSERT
  5
342DD
  8
GUIDE1
  6
ByBlock
 62
0
  2
*U25
 10
119.0
 20
3.24
 30
0.0
  0
INSERT
  5
342DE
  8
GUIDE1
  6
ByBlock
 62
0
  2
*U25
 10
119.0
 20
3.78
 30
0.0
  0
INSERT
  5
342DF
  8
GUIDE1
  6
ByBlock
 62
0
  2
*U25
 10
119.0
 20
4.32
 30
0.0
  0
INSERT
  5
342E0
  8
GUIDE1
  6
ByBlock
 62
0
  2
*U25
 10
119.0
 20
4.86
 30
0.0
  0
INSERT
  5
342E1
  8
GUIDE1
  6
ByBlock
 62
0
  2
*U25
 10
119.0
 20
5.4
 30
0.0
  0
INSERT
  5
342E2
  8
GUIDE1
  6
ByBlock
 62
0
  2
*U25
 10
119.0
 20
5.94
 30
0.0
  0
INSERT
  5
342E3
  8
GUIDE1
  6
ByBlock
 62
0
  2
*U25
 10
119.0
 20
6.48
 30
0.0
  0
INSERT
  5
342E4
  8
GUIDE1
  6
ByBlock
 62
0
  2
*U25
 10
119.0
 20
7.02
 30
0.0
  0
INSERT
  5
342E5
  8
GUIDE1
  6
ByBlock
 62
0
  2
*U25
 10
119.0
 20
7.56
 30
0.0
  0
INSERT
  5
342E6
  8
GUIDE1
  6
ByBlock
 62
0
  2
*U25
 10
119.0
 20
8.1
 30
0.0
  0
INSERT
  5
342E7
  8
GUIDE1
  6
ByBlock
 62
0
  2
*U25
 10
119.0
 20
8.64
 30
0.0
  0
INSERT
  5
342E8
  8
GUIDE1
  6
ByBlock
 62
0
  2
*U25
 10
119.0
 20
9.18
 30
0.0
  0
INSERT
  5
342E9
  8
GUIDE1
  6
ByBlock
 62
0
  2
*U25
 10
119.0
 20
9.72
 30
0.0
  0
INSERT
  5
342EA
  8
GUIDE1
  6
ByBlock
 62
0
  2
*U25
 10
119.0
 20
10.26
 30
0.0
  0
INSERT
  5
342EB
  8
GUIDE1
  6
ByBlock
 62
0
  2
*U25
 10
119.0
 20
10.8
 30
0.0
  0
INSERT
  5
342EC
  8
GUIDE1
  6
ByBlock
 62
0
  2
*U25
 10
119.0
 20
11.34
 30
0.0
  0
INSERT
  5
342ED
  8
GUIDE1
  6
ByBlock
 62
0
  2
*U25
 10
119.0
 20
11.88
 30
0.0
  0
INSERT
  5
342EF
  8
GUIDE1
  6
ByBlock
 62
0
  2
*U25
 10
126.0
 20
0.0
 30
0.0
  0
INSERT
  5
342F0
  8
GUIDE1
  6
ByBlock
 62
0
  2
*U25
 10
126.0
 20
0.54
 30
0.0
  0
INSERT
  5
342F1
  8
GUIDE1
  6
ByBlock
 62
0
  2
*U25
 10
126.0
 20
1.08
 30
0.0
  0
INSERT
  5
342F2
  8
GUIDE1
  6
ByBlock
 62
0
  2
*U25
 10
126.0
 20
1.62
 30
0.0
  0
INSERT
  5
342F3
  8
GUIDE1
  6
ByBlock
 62
0
  2
*U25
 10
126.0
 20
2.16
 30
0.0
  0
INSERT
  5
342F4
  8
GUIDE1
  6
ByBlock
 62
0
  2
*U25
 10
126.0
 20
2.7
 30
0.0
  0
INSERT
  5
342F5
  8
GUIDE1
  6
ByBlock
 62
0
  2
*U25
 10
126.0
 20
3.24
 30
0.0
  0
INSERT
  5
342F6
  8
GUIDE1
  6
ByBlock
 62
0
  2
*U25
 10
126.0
 20
3.78
 30
0.0
  0
INSERT
  5
342F7
  8
GUIDE1
  6
ByBlock
 62
0
  2
*U25
 10
126.0
 20
4.32
 30
0.0
  0
INSERT
  5
342F8
  8
GUIDE1
  6
ByBlock
 62
0
  2
*U25
 10
126.0
 20
4.86
 30
0.0
  0
INSERT
  5
342F9
  8
GUIDE1
  6
ByBlock
 62
0
  2
*U25
 10
126.0
 20
5.4
 30
0.0
  0
INSERT
  5
342FA
  8
GUIDE1
  6
ByBlock
 62
0
  2
*U25
 10
126.0
 20
5.94
 30
0.0
  0
INSERT
  5
342FB
  8
GUIDE1
  6
ByBlock
 62
0
  2
*U25
 10
126.0
 20
6.48
 30
0.0
  0
INSERT
  5
342FC
  8
GUIDE1
  6
ByBlock
 62
0
  2
*U25
 10
126.0
 20
7.02
 30
0.0
  0
INSERT
  5
342FD
  8
GUIDE1
  6
ByBlock
 62
0
  2
*U25
 10
126.0
 20
7.56
 30
0.0
  0
INSERT
  5
342FE
  8
GUIDE1
  6
ByBlock
 62
0
  2
*U25
 10
126.0
 20
8.1
 30
0.0
  0
INSERT
  5
342FF
  8
GUIDE1
  6
ByBlock
 62
0
  2
*U25
 10
126.0
 20
8.64
 30
0.0
  0
INSERT
  5
34300
  8
GUIDE1
  6
ByBlock
 62
0
  2
*U25
 10
126.0
 20
9.18
 30
0.0
  0
INSERT
  5
34301
  8
GUIDE1
  6
ByBlock
 62
0
  2
*U25
 10
126.0
 20
9.72
 30
0.0
  0
INSERT
  5
34302
  8
GUIDE1
  6
ByBlock
 62
0
  2
*U25
 10
126.0
 20
10.26
 30
0.0
  0
INSERT
  5
34303
  8
GUIDE1
  6
ByBlock
 62
0
  2
*U25
 10
126.0
 20
10.8
 30
0.0
  0
INSERT
  5
34304
  8
GUIDE1
  6
ByBlock
 62
0
  2
*U25
 10
126.0
 20
11.34
 30
0.0
  0
INSERT
  5
34305
  8
GUIDE1
  6
ByBlock
 62
0
  2
*U25
 10
126.0
 20
11.88
 30
0.0
  0
INSERT
  5
34307
  8
GUIDE1
  6
ByBlock
 62
0
  2
*U25
 10
133.0
 20
0.0
 30
0.0
  0
INSERT
  5
34308
  8
GUIDE1
  6
ByBlock
 62
0
  2
*U25
 10
133.0
 20
0.54
 30
0.0
  0
INSERT
  5
34309
  8
GUIDE1
  6
ByBlock
 62
0
  2
*U25
 10
133.0
 20
1.08
 30
0.0
  0
INSERT
  5
3430A
  8
GUIDE1
  6
ByBlock
 62
0
  2
*U25
 10
133.0
 20
1.62
 30
0.0
  0
INSERT
  5
3430B
  8
GUIDE1
  6
ByBlock
 62
0
  2
*U25
 10
133.0
 20
2.16
 30
0.0
  0
INSERT
  5
3430C
  8
GUIDE1
  6
ByBlock
 62
0
  2
*U25
 10
133.0
 20
2.7
 30
0.0
  0
INSERT
  5
3430D
  8
GUIDE1
  6
ByBlock
 62
0
  2
*U25
 10
133.0
 20
3.24
 30
0.0
  0
INSERT
  5
3430E
  8
GUIDE1
  6
ByBlock
 62
0
  2
*U25
 10
133.0
 20
3.78
 30
0.0
  0
INSERT
  5
3430F
  8
GUIDE1
  6
ByBlock
 62
0
  2
*U25
 10
133.0
 20
4.32
 30
0.0
  0
INSERT
  5
34310
  8
GUIDE1
  6
ByBlock
 62
0
  2
*U25
 10
133.0
 20
4.86
 30
0.0
  0
INSERT
  5
34311
  8
GUIDE1
  6
ByBlock
 62
0
  2
*U25
 10
133.0
 20
5.4
 30
0.0
  0
INSERT
  5
34312
  8
GUIDE1
  6
ByBlock
 62
0
  2
*U25
 10
133.0
 20
5.94
 30
0.0
  0
INSERT
  5
34313
  8
GUIDE1
  6
ByBlock
 62
0
  2
*U25
 10
133.0
 20
6.48
 30
0.0
  0
INSERT
  5
34314
  8
GUIDE1
  6
ByBlock
 62
0
  2
*U25
 10
133.0
 20
7.02
 30
0.0
  0
INSERT
  5
34315
  8
GUIDE1
  6
ByBlock
 62
0
  2
*U25
 10
133.0
 20
7.56
 30
0.0
  0
INSERT
  5
34316
  8
GUIDE1
  6
ByBlock
 62
0
  2
*U25
 10
133.0
 20
8.1
 30
0.0
  0
INSERT
  5
34317
  8
GUIDE1
  6
ByBlock
 62
0
  2
*U25
 10
133.0
 20
8.64
 30
0.0
  0
INSERT
  5
34318
  8
GUIDE1
  6
ByBlock
 62
0
  2
*U25
 10
133.0
 20
9.18
 30
0.0
  0
INSERT
  5
34319
  8
GUIDE1
  6
ByBlock
 62
0
  2
*U25
 10
133.0
 20
9.72
 30
0.0
  0
INSERT
  5
3431A
  8
GUIDE1
  6
ByBlock
 62
0
  2
*U25
 10
133.0
 20
10.26
 30
0.0
  0
INSERT
  5
3431B
  8
GUIDE1
  6
ByBlock
 62
0
  2
*U25
 10
133.0
 20
10.8
 30
0.0
  0
INSERT
  5
3431C
  8
GUIDE1
  6
ByBlock
 62
0
  2
*U25
 10
133.0
 20
11.34
 30
0.0
  0
INSERT
  5
3431D
  8
GUIDE1
  6
ByBlock
 62
0
  2
*U25
 10
133.0
 20
11.88
 30
0.0
  0
INSERT
  5
3431F
  8
GUIDE1
  6
ByBlock
 62
0
  2
*U25
 10
140.0
 20
0.0
 30
0.0
  0
INSERT
  5
34320
  8
GUIDE1
  6
ByBlock
 62
0
  2
*U25
 10
140.0
 20
0.54
 30
0.0
  0
INSERT
  5
34321
  8
GUIDE1
  6
ByBlock
 62
0
  2
*U25
 10
140.0
 20
1.08
 30
0.0
  0
INSERT
  5
34322
  8
GUIDE1
  6
ByBlock
 62
0
  2
*U25
 10
140.0
 20
1.62
 30
0.0
  0
INSERT
  5
34323
  8
GUIDE1
  6
ByBlock
 62
0
  2
*U25
 10
140.0
 20
2.16
 30
0.0
  0
INSERT
  5
34324
  8
GUIDE1
  6
ByBlock
 62
0
  2
*U25
 10
140.0
 20
2.7
 30
0.0
  0
INSERT
  5
34325
  8
GUIDE1
  6
ByBlock
 62
0
  2
*U25
 10
140.0
 20
3.24
 30
0.0
  0
INSERT
  5
34326
  8
GUIDE1
  6
ByBlock
 62
0
  2
*U25
 10
140.0
 20
3.78
 30
0.0
  0
INSERT
  5
34327
  8
GUIDE1
  6
ByBlock
 62
0
  2
*U25
 10
140.0
 20
4.32
 30
0.0
  0
INSERT
  5
34328
  8
GUIDE1
  6
ByBlock
 62
0
  2
*U25
 10
140.0
 20
4.86
 30
0.0
  0
INSERT
  5
34329
  8
GUIDE1
  6
ByBlock
 62
0
  2
*U25
 10
140.0
 20
5.4
 30
0.0
  0
INSERT
  5
3432A
  8
GUIDE1
  6
ByBlock
 62
0
  2
*U25
 10
140.0
 20
5.94
 30
0.0
  0
INSERT
  5
3432B
  8
GUIDE1
  6
ByBlock
 62
0
  2
*U25
 10
140.0
 20
6.48
 30
0.0
  0
INSERT
  5
3432C
  8
GUIDE1
  6
ByBlock
 62
0
  2
*U25
 10
140.0
 20
7.02
 30
0.0
  0
INSERT
  5
3432D
  8
GUIDE1
  6
ByBlock
 62
0
  2
*U25
 10
140.0
 20
7.56
 30
0.0
  0
INSERT
  5
3432E
  8
GUIDE1
  6
ByBlock
 62
0
  2
*U25
 10
140.0
 20
8.1
 30
0.0
  0
INSERT
  5
3432F
  8
GUIDE1
  6
ByBlock
 62
0
  2
*U25
 10
140.0
 20
8.64
 30
0.0
  0
INSERT
  5
34330
  8
GUIDE1
  6
ByBlock
 62
0
  2
*U25
 10
140.0
 20
9.18
 30
0.0
  0
INSERT
  5
34331
  8
GUIDE1
  6
ByBlock
 62
0
  2
*U25
 10
140.0
 20
9.72
 30
0.0
  0
INSERT
  5
34332
  8
GUIDE1
  6
ByBlock
 62
0
  2
*U25
 10
140.0
 20
10.26
 30
0.0
  0
INSERT
  5
34333
  8
GUIDE1
  6
ByBlock
 62
0
  2
*U25
 10
140.0
 20
10.8
 30
0.0
  0
INSERT
  5
34334
  8
GUIDE1
  6
ByBlock
 62
0
  2
*U25
 10
140.0
 20
11.34
 30
0.0
  0
INSERT
  5
34335
  8
GUIDE1
  6
ByBlock
 62
0
  2
*U25
 10
140.0
 20
11.88
 30
0.0
  0
ENDBLK
  8
0
  0
BLOCK
  8
0
  2
*D27
 70
0
 10
0.0
 20
0.0
 30
0.0
  3
*D27
  1

  0
LINE
  5
34375
  8
0
  6
ByBlock
 10
573.8519438658
 20
267.2997172139
 30
0.0
 11
573.8519438658
 21
236.0787710575
 31
0.0
  0
LINE
  5
34376
  8
0
  6
ByBlock
 10
420.6612238657
 20
267.2997172169
 30
0.0
 11
420.6612238657
 21
236.0787710575
 31
0.0
  0
LINE
  5
34377
  8
0
  6
ByBlock
 10
570.3519438658
 20
237.0787710575
 30
0.0
 11
424.1612238657
 21
237.0787710575
 31
0.0
  0
POLYLINE
  5
34378
  8
0
 66
1
 10
0.0
 20
0.0
 30
0.0
 70
129
  0
VERTEX
  5
12ab5f
  8
0
 10
570.3519438658
 20
237.6621043909
 30
0.0
  0
VERTEX
  5
12ab60
  8
0
 10
570.3519438658
 20
236.4954377242
 30
0.0
  0
VERTEX
  5
12ab61
  8
0
 10
573.8519438658
 20
237.0787710575
 30
0.0
  0
SEQEND
  5
12ab62
  8
0
  0
POLYLINE
  5
34379
  8
0
 66
1
 10
0.0
 20
0.0
 30
0.0
 70
129
  0
VERTEX
  5
12ab63
  8
0
 10
424.1612238657
 20
237.6621043909
 30
0.0
  0
VERTEX
  5
12ab64
  8
0
 10
424.1612238657
 20
236.4954377242
 30
0.0
  0
VERTEX
  5
12ab65
  8
0
 10
420.6612238657
 20
237.0787710575
 30
0.0
  0
SEQEND
  5
12ab66
  8
0
  0
POINT
  5
3437B
  8
GUIDE2
 62
0
 10
573.8519438658
 20
268.2997172139
 30
0.0
  0
POINT
  5
3437C
  8
GUIDE2
 62
0
 10
420.6612238657
 20
268.2997172169
 30
0.0
  0
POINT
  5
3437D
  8
GUIDE2
 62
0
 10
420.6612238657
 20
237.0787710575
 30
0.0
  0
ENDBLK
  8
0
  0
BLOCK
  8
0
  2
*D28
 70
0
 10
0.0
 20
0.0
 30
0.0
  3
*D28
  1

  0
LINE
  5
34394
  8
0
  6
ByBlock
 10
573.8519438658
 20
346.7515496216
 30
0.0
 11
573.8519438658
 21
347.2862675231
 31
0.0
  0
LINE
  5
34395
  8
0
  6
ByBlock
 10
575.3515838658
 20
346.7515496216
 30
0.0
 11
575.3515838658
 21
347.2862675231
 31
0.0
  0
LINE
  5
34396
  8
0
  6
ByBlock
 10
570.3519438658
 20
346.2862675231
 30
0.0
 11
566.8519438658
 21
346.2862675231
 31
0.0
  0
LINE
  5
34397
  8
0
  6
ByBlock
 10
578.8515838658
 20
346.2862675231
 30
0.0
 11
589.6965586126
 21
346.2862675231
 31
0.0
  0
LINE
  5
34398
  8
0
  6
ByBlock
 10
573.8519438658
 20
346.2862675231
 30
0.0
 11
575.3515838658
 21
346.2862675231
 31
0.0
  0
POLYLINE
  5
34399
  8
0
 66
1
 10
0.0
 20
0.0
 30
0.0
 70
129
  0
VERTEX
  5
12ab67
  8
0
 10
570.3519438658
 20
346.8696008564
 30
0.0
  0
VERTEX
  5
12ab68
  8
0
 10
570.3519438658
 20
345.7029341897
 30
0.0
  0
VERTEX
  5
12ab69
  8
0
 10
573.8519438658
 20
346.2862675231
 30
0.0
  0
SEQEND
  5
12ab6a
  8
0
  0
POLYLINE
  5
3439A
  8
0
 66
1
 10
0.0
 20
0.0
 30
0.0
 70
129
  0
VERTEX
  5
12ab6b
  8
0
 10
578.8515838658
 20
346.8696008564
 30
0.0
  0
VERTEX
  5
12ab6c
  8
0
 10
578.8515838658
 20
345.7029341897
 30
0.0
  0
VERTEX
  5
12ab6d
  8
0
 10
575.3515838658
 20
346.2862675231
 30
0.0
  0
SEQEND
  5
12ab6e
  8
0
  0
POINT
  5
3439C
  8
GUIDE2
 62
0
 10
573.8519438658
 20
345.7515496216
 30
0.0
  0
POINT
  5
3439D
  8
GUIDE2
 62
0
 10
575.3515838658
 20
345.7515496216
 30
0.0
  0
POINT
  5
3439E
  8
GUIDE2
 62
0
 10
575.3515838658
 20
346.2862675231
 30
0.0
  0
ENDBLK
  8
0
  0
BLOCK
  8
0
  2
*U29
 70
0
 10
0.0
 20
0.0
 30
0.0
  3
*U29
  1

  0
POLYLINE
  5
3477A
  8
CELL
  6
Continuous
 66
1
 10
0.0
 20
0.0
 30
0.0
 70
129
  0
VERTEX
  5
12ab6f
  8
CELL
 10
-10.7770236607
 20
-76.42536
 30
0.0
  0
VERTEX
  5
12ab70
  8
CELL
 10
-5.74298
 20
-76.42536
 30
0.0
  0
VERTEX
  5
12ab71
  8
CELL
 10
10.7310236607
 20
-76.42536
 30
0.0
 42
-0.148998728
  0
VERTEX
  5
12ab72
  8
CELL
 10
10.78679615
 20
-76.442357413
 30
0.0
  0
VERTEX
  5
12ab73
  8
CELL
 10
10.98920385
 20
-76.578362587
 30
0.0
 42
0.148998728
  0
VERTEX
  5
12ab74
  8
CELL
 10
11.0449763393
 20
-76.59536
 30
0.0
  0
VERTEX
  5
12ab75
  8
CELL
 10
11.777
 20
-76.59536
 30
0.0
 42
-0.4142135624
  0
VERTEX
  5
12ab76
  8
CELL
 10
11.877
 20
-76.69536
 30
0.0
  0
VERTEX
  5
12ab77
  8
CELL
 10
11.877
 20
-76.82536
 30
0.0
 42
0.4142135624
  0
VERTEX
  5
12ab78
  8
CELL
 10
11.977
 20
-76.92536
 30
0.0
  0
VERTEX
  5
12ab79
  8
CELL
 10
12.577
 20
-76.92536
 30
0.0
 42
0.4142135624
  0
VERTEX
  5
12ab7a
  8
CELL
 10
12.677
 20
-76.82536
 30
0.0
  0
VERTEX
  5
12ab7b
  8
CELL
 10
12.677
 20
-76.69536
 30
0.0
 42
-0.4142135624
  0
VERTEX
  5
12ab7c
  8
CELL
 10
12.777
 20
-76.59536
 30
0.0
  0
VERTEX
  5
12ab7d
  8
CELL
 10
13.5395
 20
-76.59536
 30
0.0
  0
VERTEX
  5
12ab7e
  8
CELL
 10
13.7925
 20
-76.42536
 30
0.0
  0
VERTEX
  5
12ab7f
  8
CELL
 10
58.20172
 20
-76.42536
 30
0.0
 42
0.4142135624
  0
VERTEX
  5
12ab80
  8
CELL
 10
58.30172
 20
-76.32536
 30
0.0
  0
VERTEX
  5
12ab81
  8
CELL
 10
58.30172
 20
-76.10536
 30
0.0
 42
-0.4142135624
  0
VERTEX
  5
12ab82
  8
CELL
 10
58.40172
 20
-76.00536
 30
0.0
  0
VERTEX
  5
12ab83
  8
CELL
 10
59.30172
 20
-76.00536
 30
0.0
 42
-0.4142135624
  0
VERTEX
  5
12ab84
  8
CELL
 10
59.40172
 20
-76.10536
 30
0.0
  0
VERTEX
  5
12ab85
  8
CELL
 10
59.40172
 20
-76.32536
 30
0.0
 42
0.4142135624
  0
VERTEX
  5
12ab86
  8
CELL
 10
59.50172
 20
-76.42536
 30
0.0
  0
VERTEX
  5
12ab87
  8
CELL
 10
63.4195894088
 20
-76.42536
 30
0.0
 42
-0.1490105811
  0
VERTEX
  5
12ab88
  8
CELL
 10
63.6984711042
 20
-76.51036
 30
0.0
 42
0.1490105811
  0
VERTEX
  5
12ab89
  8
CELL
 10
63.9773527995
 20
-76.59536
 30
0.0
  0
VERTEX
  5
12ab8a
  8
CELL
 10
68.0123313408
 20
-76.5953600001
 30
0.0
 42
0.1052167214
  0
VERTEX
  5
12ab8b
  8
CELL
 10
68.2851113584
 20
-76.5373131264
 30
0.0
 42
0.0215717318
  0
VERTEX
  5
12ab8c
  8
CELL
 10
68.4151631311
 20
-76.4705022894
 30
0.0
 42
0.2695293348
  0
VERTEX
  5
12ab8d
  8
CELL
 10
68.66772
 20
-76.0360234097
 30
0.0
  0
VERTEX
  5
12ab8e
  8
CELL
 10
68.66772
 20
-71.404
 30
0.0
 42
0.4142135624
  0
VERTEX
  5
12ab8f
  8
CELL
 10
68.46772
 20
-71.204
 30
0.0
  0
VERTEX
  5
12ab90
  8
CELL
 10
68.16672
 20
-71.204
 30
0.0
 42
-0.4142135624
  0
VERTEX
  5
12ab91
  8
CELL
 10
68.06672
 20
-71.104
 30
0.0
  0
VERTEX
  5
12ab92
  8
CELL
 10
68.06672
 20
-70.754
 30
0.0
 42
-0.4142135624
  0
VERTEX
  5
12ab93
  8
CELL
 10
68.16672
 20
-70.654
 30
0.0
  0
VERTEX
  5
12ab94
  8
CELL
 10
68.46772
 20
-70.654
 30
0.0
 42
0.4142135624
  0
VERTEX
  5
12ab95
  8
CELL
 10
68.66772
 20
-70.454
 30
0.0
  0
VERTEX
  5
12ab96
  8
CELL
 10
68.66772
 20
70.454
 30
0.0
 42
0.4142135624
  0
VERTEX
  5
12ab97
  8
CELL
 10
68.46772
 20
70.654
 30
0.0
  0
VERTEX
  5
12ab98
  8
CELL
 10
68.16672
 20
70.654
 30
0.0
 42
-0.4142135624
  0
VERTEX
  5
12ab99
  8
CELL
 10
68.06672
 20
70.754
 30
0.0
  0
VERTEX
  5
12ab9a
  8
CELL
 10
68.06672
 20
71.104
 30
0.0
 42
-0.4142135624
  0
VERTEX
  5
12ab9b
  8
CELL
 10
68.16672
 20
71.204
 30
0.0
  0
VERTEX
  5
12ab9c
  8
CELL
 10
68.46772
 20
71.204
 30
0.0
 42
0.4142135624
  0
VERTEX
  5
12ab9d
  8
CELL
 10
68.66772
 20
71.404
 30
0.0
  0
VERTEX
  5
12ab9e
  8
CELL
 10
68.66772
 20
76.0406759866
 30
0.0
 42
0.2256365855
  0
VERTEX
  5
12ab9f
  8
CELL
 10
68.4833261486
 20
76.4284810394
 30
0.0
 42
0.0324637347
  0
VERTEX
  5
12aba0
  8
CELL
 10
68.3105180021
 20
76.5253495222
 30
0.0
 42
0.1158037029
  0
VERTEX
  5
12aba1
  8
CELL
 10
68.0123356766
 20
76.59536
 30
0.0
  0
VERTEX
  5
12aba2
  8
CELL
 10
63.9773527995
 20
76.59536
 30
0.0
 42
0.1490105811
  0
VERTEX
  5
12aba3
  8
CELL
 10
63.6984711041
 20
76.51036
 30
0.0
 42
-0.1490105811
  0
VERTEX
  5
12aba4
  8
CELL
 10
63.4195894088
 20
76.42536
 30
0.0
  0
VERTEX
  5
12aba5
  8
CELL
 10
59.50172
 20
76.42536
 30
0.0
 42
0.4142135624
  0
VERTEX
  5
12aba6
  8
CELL
 10
59.40172
 20
76.32536
 30
0.0
  0
VERTEX
  5
12aba7
  8
CELL
 10
59.40172
 20
76.10536
 30
0.0
 42
-0.4142135624
  0
VERTEX
  5
12aba8
  8
CELL
 10
59.30172
 20
76.00536
 30
0.0
  0
VERTEX
  5
12aba9
  8
CELL
 10
58.40172
 20
76.00536
 30
0.0
 42
-0.4142135624
  0
VERTEX
  5
12abaa
  8
CELL
 10
58.30172
 20
76.10536
 30
0.0
  0
VERTEX
  5
12abab
  8
CELL
 10
58.30172
 20
76.32536
 30
0.0
 42
0.4142135624
  0
VERTEX
  5
12abac
  8
CELL
 10
58.20172
 20
76.42536
 30
0.0
  0
VERTEX
  5
12abad
  8
CELL
 10
13.8229763393
 20
76.42536
 30
0.0
 42
-0.148998728
  0
VERTEX
  5
12abae
  8
CELL
 10
13.76720385
 20
76.442357413
 30
0.0
  0
VERTEX
  5
12abaf
  8
CELL
 10
13.56479615
 20
76.578362587
 30
0.0
 42
0.148998728
  0
VERTEX
  5
12abb0
  8
CELL
 10
13.5090236607
 20
76.59536
 30
0.0
  0
VERTEX
  5
12abb1
  8
CELL
 10
12.777
 20
76.59536
 30
0.0
 42
-0.4142135624
  0
VERTEX
  5
12abb2
  8
CELL
 10
12.677
 20
76.69536
 30
0.0
  0
VERTEX
  5
12abb3
  8
CELL
 10
12.677
 20
76.82536
 30
0.0
 42
0.4142135624
  0
VERTEX
  5
12abb4
  8
CELL
 10
12.577
 20
76.92536
 30
0.0
  0
VERTEX
  5
12abb5
  8
CELL
 10
11.977
 20
76.92536
 30
0.0
 42
0.4142135624
  0
VERTEX
  5
12abb6
  8
CELL
 10
11.877
 20
76.82536
 30
0.0
  0
VERTEX
  5
12abb7
  8
CELL
 10
11.877
 20
76.69536
 30
0.0
 42
-0.4142135624
  0
VERTEX
  5
12abb8
  8
CELL
 10
11.777
 20
76.59536
 30
0.0
  0
VERTEX
  5
12abb9
  8
CELL
 10
11.0449763393
 20
76.59536
 30
0.0
 42
0.148998728
  0
VERTEX
  5
12abba
  8
CELL
 10
10.98920385
 20
76.578362587
 30
0.0
  0
VERTEX
  5
12abbb
  8
CELL
 10
10.78679615
 20
76.442357413
 30
0.0
 42
-0.148998728
  0
VERTEX
  5
12abbc
  8
CELL
 10
10.7310236607
 20
76.42536
 30
0.0
  0
VERTEX
  5
12abbd
  8
CELL
 10
-5.74298
 20
76.42536
 30
0.0
  0
VERTEX
  5
12abbe
  8
CELL
 10
-10.7770236607
 20
76.42536
 30
0.0
 42
-0.148998728
  0
VERTEX
  5
12abbf
  8
CELL
 10
-10.83279615
 20
76.442357413
 30
0.0
  0
VERTEX
  5
12abc0
  8
CELL
 10
-11.03520385
 20
76.578362587
 30
0.0
 42
0.148998728
  0
VERTEX
  5
12abc1
  8
CELL
 10
-11.0909763393
 20
76.59536
 30
0.0
  0
VERTEX
  5
12abc2
  8
CELL
 10
-11.823
 20
76.59536
 30
0.0
 42
-0.4142135624
  0
VERTEX
  5
12abc3
  8
CELL
 10
-11.923
 20
76.69536
 30
0.0
  0
VERTEX
  5
12abc4
  8
CELL
 10
-11.923
 20
76.82536
 30
0.0
 42
0.4142135624
  0
VERTEX
  5
12abc5
  8
CELL
 10
-12.023
 20
76.92536
 30
0.0
  0
VERTEX
  5
12abc6
  8
CELL
 10
-12.623
 20
76.92536
 30
0.0
 42
0.4142135624
  0
VERTEX
  5
12abc7
  8
CELL
 10
-12.723
 20
76.82536
 30
0.0
  0
VERTEX
  5
12abc8
  8
CELL
 10
-12.723
 20
76.69536
 30
0.0
 42
-0.4142135624
  0
VERTEX
  5
12abc9
  8
CELL
 10
-12.823
 20
76.59536
 30
0.0
  0
VERTEX
  5
12abca
  8
CELL
 10
-13.5550236607
 20
76.59536
 30
0.0
 42
0.148998728
  0
VERTEX
  5
12abcb
  8
CELL
 10
-13.61079615
 20
76.578362587
 30
0.0
  0
VERTEX
  5
12abcc
  8
CELL
 10
-13.81320385
 20
76.442357413
 30
0.0
 42
-0.148998728
  0
VERTEX
  5
12abcd
  8
CELL
 10
-13.8689763393
 20
76.42536
 30
0.0
  0
VERTEX
  5
12abce
  8
CELL
 10
-31.1731561168
 20
76.42536
 30
0.0
 42
-0.1258065275
  0
VERTEX
  5
12abcf
  8
CELL
 10
-31.4131304245
 20
76.4867116993
 30
0.0
 42
0.2556594493
  0
VERTEX
  5
12abd0
  8
CELL
 10
-36.5694295755
 20
76.4867116993
 30
0.0
 42
-0.1258065275
  0
VERTEX
  5
12abd1
  8
CELL
 10
-36.8094038831
 20
76.42536
 30
0.0
  0
VERTEX
  5
12abd2
  8
CELL
 10
-63.4855894087
 20
76.42536
 30
0.0
 42
-0.1490105811
  0
VERTEX
  5
12abd3
  8
CELL
 10
-63.7644711041
 20
76.51036
 30
0.0
 42
0.1490105811
  0
VERTEX
  5
12abd4
  8
CELL
 10
-64.0433527994
 20
76.59536
 30
0.0
  0
VERTEX
  5
12abd5
  8
CELL
 10
-68.1998965408
 20
76.5953599999
 30
0.0
 42
0.1227441731
  0
VERTEX
  5
12abd6
  8
CELL
 10
-68.3953321522
 20
76.5469155619
 30
0.0
  0
VERTEX
  5
12abd7
  8
CELL
 10
-68.4497093958
 20
76.5150142456
 30
0.0
  0
VERTEX
  5
12abd8
  8
CELL
 10
-68.5297617208
 20
76.4603375262
 30
0.0
 42
0.1417682399
  0
VERTEX
  5
12abd9
  8
CELL
 10
-68.8021108658
 20
76.1211098332
 30
0.0
 42
0.100002147
  0
VERTEX
  5
12abda
  8
CELL
 10
-68.83772
 20
75.950851663
 30
0.0
  0
VERTEX
  5
12abdb
  8
CELL
 10
-68.83772
 20
71.8009927994
 30
0.0
 42
0.1490105811
  0
VERTEX
  5
12abdc
  8
CELL
 10
-68.75272
 20
71.522111104
 30
0.0
 42
-0.1490105811
  0
VERTEX
  5
12abdd
  8
CELL
 10
-68.66772
 20
71.2432294087
 30
0.0
  0
VERTEX
  5
12abde
  8
CELL
 10
-68.66772
 20
67.07536
 30
0.0
 42
0.4142135624
  0
VERTEX
  5
12abdf
  8
CELL
 10
-68.56772
 20
66.97536
 30
0.0
  0
VERTEX
  5
12abe0
  8
CELL
 10
-68.33072
 20
66.97536
 30
0.0
 42
-0.4142135624
  0
VERTEX
  5
12abe1
  8
CELL
 10
-68.23072
 20
66.87536
 30
0.0
  0
VERTEX
  5
12abe2
  8
CELL
 10
-68.23072
 20
65.97536
 30
0.0
 42
-0.4142135624
  0
VERTEX
  5
12abe3
  8
CELL
 10
-68.33072
 20
65.87536
 30
0.0
  0
VERTEX
  5
12abe4
  8
CELL
 10
-68.56772
 20
65.87536
 30
0.0
 42
0.4142135624
  0
VERTEX
  5
12abe5
  8
CELL
 10
-68.66772
 20
65.77536
 30
0.0
  0
VERTEX
  5
12abe6
  8
CELL
 10
-68.66772
 20
-65.77536
 30
0.0
 42
0.4142135624
  0
VERTEX
  5
12abe7
  8
CELL
 10
-68.56772
 20
-65.87536
 30
0.0
  0
VERTEX
  5
12abe8
  8
CELL
 10
-68.33072
 20
-65.87536
 30
0.0
 42
-0.4142135624
  0
VERTEX
  5
12abe9
  8
CELL
 10
-68.23072
 20
-65.97536
 30
0.0
  0
VERTEX
  5
12abea
  8
CELL
 10
-68.23072
 20
-66.87536
 30
0.0
 42
-0.4142135624
  0
VERTEX
  5
12abeb
  8
CELL
 10
-68.33072
 20
-66.97536
 30
0.0
  0
VERTEX
  5
12abec
  8
CELL
 10
-68.56772
 20
-66.97536
 30
0.0
 42
0.4142135624
  0
VERTEX
  5
12abed
  8
CELL
 10
-68.66772
 20
-67.07536
 30
0.0
  0
VERTEX
  5
12abee
  8
CELL
 10
-68.66772
 20
-71.2432294088
 30
0.0
 42
-0.1490105811
  0
VERTEX
  5
12abef
  8
CELL
 10
-68.75272
 20
-71.5221111041
 30
0.0
 42
0.1490105811
  0
VERTEX
  5
12abf0
  8
CELL
 10
-68.83772
 20
-71.8009927995
 30
0.0
  0
VERTEX
  5
12abf1
  8
CELL
 10
-68.83772
 20
-75.9501584495
 30
0.0
 42
0.0909194365
  0
VERTEX
  5
12abf2
  8
CELL
 10
-68.8104784736
 20
-76.0989360293
 30
0.0
 42
0.1273493814
  0
VERTEX
  5
12abf3
  8
CELL
 10
-68.587241937
 20
-76.4156951891
 30
0.0
 42
0.0453264324
  0
VERTEX
  5
12abf4
  8
CELL
 10
-68.39351387
 20
-76.5478732536
 30
0.0
 42
0.1214915782
  0
VERTEX
  5
12abf5
  8
CELL
 10
-68.1998965408
 20
-76.59536
 30
0.0
  0
VERTEX
  5
12abf6
  8
CELL
 10
-64.0433527994
 20
-76.59536
 30
0.0
 42
0.1490105811
  0
VERTEX
  5
12abf7
  8
CELL
 10
-63.7644711041
 20
-76.51036
 30
0.0
 42
-0.1490105811
  0
VERTEX
  5
12abf8
  8
CELL
 10
-63.4855894087
 20
-76.42536
 30
0.0
  0
VERTEX
  5
12abf9
  8
CELL
 10
-13.8689763393
 20
-76.42536
 30
0.0
 42
-0.148998728
  0
VERTEX
  5
12abfa
  8
CELL
 10
-13.81320385
 20
-76.442357413
 30
0.0
  0
VERTEX
  5
12abfb
  8
CELL
 10
-13.61079615
 20
-76.578362587
 30
0.0
 42
0.148998728
  0
VERTEX
  5
12abfc
  8
CELL
 10
-13.5550236607
 20
-76.59536
 30
0.0
  0
VERTEX
  5
12abfd
  8
CELL
 10
-12.823
 20
-76.59536
 30
0.0
 42
-0.4142135624
  0
VERTEX
  5
12abfe
  8
CELL
 10
-12.723
 20
-76.69536
 30
0.0
  0
VERTEX
  5
12abff
  8
CELL
 10
-12.723
 20
-76.82536
 30
0.0
 42
0.4142135624
  0
VERTEX
  5
12ac00
  8
CELL
 10
-12.623
 20
-76.92536
 30
0.0
  0
VERTEX
  5
12ac01
  8
CELL
 10
-12.023
 20
-76.92536
 30
0.0
 42
0.4142135624
  0
VERTEX
  5
12ac02
  8
CELL
 10
-11.923
 20
-76.82536
 30
0.0
  0
VERTEX
  5
12ac03
  8
CELL
 10
-11.923
 20
-76.69536
 30
0.0
 42
-0.4142135624
  0
VERTEX
  5
12ac04
  8
CELL
 10
-11.823
 20
-76.59536
 30
0.0
  0
VERTEX
  5
12ac05
  8
CELL
 10
-11.0909763393
 20
-76.59536
 30
0.0
 42
0.148998728
  0
VERTEX
  5
12ac06
  8
CELL
 10
-11.03520385
 20
-76.578362587
 30
0.0
  0
VERTEX
  5
12ac07
  8
CELL
 10
-10.83279615
 20
-76.442357413
 30
0.0
 42
-0.148998728
  0
SEQEND
  5
12ac08
  8
CELL
  0
CIRCLE
  5
3477B
  8
HALL.2
  6
Continuous
 10
12.277
 20
-76.62536
 30
0.0
 40
0.07
  0
CIRCLE
  5
3477C
  8
HALL.2
  6
Continuous
 10
-12.323
 20
-76.62536
 30
0.0
 40
0.07
  0
CIRCLE
  5
3477D
  8
HALL.2
  6
Continuous
 10
-12.323
 20
76.62536
 30
0.0
 40
0.07
  0
CIRCLE
  5
3477E
  8
HALL.1
  6
Continuous
 10
-24.38916
 20
71.77412
 30
0.0
 40
1.44
  0
CIRCLE
  5
3477F
  8
HALL.1
  6
Continuous
 10
-33.99128
 20
71.77412
 30
0.0
 40
2.23
  0
LINE
  5
34780
  8
GUIDE1
 10
5.64702
 20
-76.88
 30
0.0
 11
5.64702
 21
-70.12
 31
0.0
  0
LINE
  5
34781
  8
GUIDE1
 10
5.10702
 20
-76.88
 30
0.0
 11
5.10702
 21
-70.12
 31
0.0
  0
LINE
  5
34782
  8
GUIDE1
 10
4.56702
 20
-76.88
 30
0.0
 11
4.56702
 21
-70.12
 31
0.0
  0
LINE
  5
34783
  8
GUIDE1
 10
4.02702
 20
-76.88
 30
0.0
 11
4.02702
 21
-70.12
 31
0.0
  0
LINE
  5
34784
  8
GUIDE1
 10
3.48702
 20
-76.88
 30
0.0
 11
3.48702
 21
-70.12
 31
0.0
  0
LINE
  5
34785
  8
GUIDE1
 10
2.94702
 20
-76.88
 30
0.0
 11
2.94702
 21
-70.12
 31
0.0
  0
LINE
  5
34786
  8
GUIDE1
 10
2.40702
 20
-76.88
 30
0.0
 11
2.40702
 21
-70.12
 31
0.0
  0
LINE
  5
34787
  8
GUIDE1
 10
1.86702
 20
-76.88
 30
0.0
 11
1.86702
 21
-70.12
 31
0.0
  0
LINE
  5
34788
  8
GUIDE1
 10
1.32702
 20
-76.88
 30
0.0
 11
1.32702
 21
-70.12
 31
0.0
  0
LINE
  5
34789
  8
GUIDE1
 10
0.78702
 20
-76.88
 30
0.0
 11
0.78702
 21
-70.12
 31
0.0
  0
LINE
  5
3478A
  8
GUIDE1
 10
0.24702
 20
-76.88
 30
0.0
 11
0.24702
 21
-70.12
 31
0.0
  0
LINE
  5
3478B
  8
GUIDE1
 10
-0.29298
 20
-76.88
 30
0.0
 11
-0.29298
 21
-70.12
 31
0.0
  0
LINE
  5
3478C
  8
GUIDE1
 10
-0.83298
 20
-76.88
 30
0.0
 11
-0.83298
 21
-70.12
 31
0.0
  0
LINE
  5
3478D
  8
GUIDE1
 10
-1.37298
 20
-76.88
 30
0.0
 11
-1.37298
 21
-70.12
 31
0.0
  0
LINE
  5
3478E
  8
GUIDE1
 10
-1.91298
 20
-76.88
 30
0.0
 11
-1.91298
 21
-70.12
 31
0.0
  0
LINE
  5
3478F
  8
GUIDE1
 10
-2.45298
 20
-76.88
 30
0.0
 11
-2.45298
 21
-70.12
 31
0.0
  0
LINE
  5
34790
  8
GUIDE1
 10
-2.99298
 20
-76.88
 30
0.0
 11
-2.99298
 21
-70.12
 31
0.0
  0
LINE
  5
34791
  8
GUIDE1
 10
-3.53298
 20
-76.88
 30
0.0
 11
-3.53298
 21
-70.12
 31
0.0
  0
LINE
  5
34792
  8
GUIDE1
 10
-4.07298
 20
-76.88
 30
0.0
 11
-4.07298
 21
-70.12
 31
0.0
  0
LINE
  5
34793
  8
GUIDE1
 10
-4.61298
 20
-76.88
 30
0.0
 11
-4.61298
 21
-70.12
 31
0.0
  0
LINE
  5
34794
  8
GUIDE1
 10
-5.15298
 20
-76.88
 30
0.0
 11
-5.15298
 21
-70.12
 31
0.0
  0
LINE
  5
34795
  8
GUIDE1
 10
-5.69298
 20
-76.88
 30
0.0
 11
-5.69298
 21
-70.12
 31
0.0
  0
LINE
  5
34796
  8
GUIDE1
 10
5.64702
 20
-69.88
 30
0.0
 11
5.64702
 21
-63.12
 31
0.0
  0
LINE
  5
34797
  8
GUIDE1
 10
5.10702
 20
-69.88
 30
0.0
 11
5.10702
 21
-63.12
 31
0.0
  0
LINE
  5
34798
  8
GUIDE1
 10
4.56702
 20
-69.88
 30
0.0
 11
4.56702
 21
-63.12
 31
0.0
  0
LINE
  5
34799
  8
GUIDE1
 10
4.02702
 20
-69.88
 30
0.0
 11
4.02702
 21
-63.12
 31
0.0
  0
LINE
  5
3479A
  8
GUIDE1
 10
3.48702
 20
-69.88
 30
0.0
 11
3.48702
 21
-63.12
 31
0.0
  0
LINE
  5
3479B
  8
GUIDE1
 10
2.94702
 20
-69.88
 30
0.0
 11
2.94702
 21
-63.12
 31
0.0
  0
LINE
  5
3479C
  8
GUIDE1
 10
2.40702
 20
-69.88
 30
0.0
 11
2.40702
 21
-63.12
 31
0.0
  0
LINE
  5
3479D
  8
GUIDE1
 10
1.86702
 20
-69.88
 30
0.0
 11
1.86702
 21
-63.12
 31
0.0
  0
LINE
  5
3479E
  8
GUIDE1
 10
1.32702
 20
-69.88
 30
0.0
 11
1.32702
 21
-63.12
 31
0.0
  0
LINE
  5
3479F
  8
GUIDE1
 10
0.78702
 20
-69.88
 30
0.0
 11
0.78702
 21
-63.12
 31
0.0
  0
LINE
  5
347A0
  8
GUIDE1
 10
0.24702
 20
-69.88
 30
0.0
 11
0.24702
 21
-63.12
 31
0.0
  0
LINE
  5
347A1
  8
GUIDE1
 10
-0.29298
 20
-69.88
 30
0.0
 11
-0.29298
 21
-63.12
 31
0.0
  0
LINE
  5
347A2
  8
GUIDE1
 10
-0.83298
 20
-69.88
 30
0.0
 11
-0.83298
 21
-63.12
 31
0.0
  0
LINE
  5
347A3
  8
GUIDE1
 10
-1.37298
 20
-69.88
 30
0.0
 11
-1.37298
 21
-63.12
 31
0.0
  0
LINE
  5
347A4
  8
GUIDE1
 10
-1.91298
 20
-69.88
 30
0.0
 11
-1.91298
 21
-63.12
 31
0.0
  0
LINE
  5
347A5
  8
GUIDE1
 10
-2.45298
 20
-69.88
 30
0.0
 11
-2.45298
 21
-63.12
 31
0.0
  0
LINE
  5
347A6
  8
GUIDE1
 10
-2.99298
 20
-69.88
 30
0.0
 11
-2.99298
 21
-63.12
 31
0.0
  0
LINE
  5
347A7
  8
GUIDE1
 10
-3.53298
 20
-69.88
 30
0.0
 11
-3.53298
 21
-63.12
 31
0.0
  0
LINE
  5
347A8
  8
GUIDE1
 10
-4.07298
 20
-69.88
 30
0.0
 11
-4.07298
 21
-63.12
 31
0.0
  0
LINE
  5
347A9
  8
GUIDE1
 10
-4.61298
 20
-69.88
 30
0.0
 11
-4.61298
 21
-63.12
 31
0.0
  0
LINE
  5
347AA
  8
GUIDE1
 10
-5.15298
 20
-69.88
 30
0.0
 11
-5.15298
 21
-63.12
 31
0.0
  0
LINE
  5
347AB
  8
GUIDE1
 10
-5.69298
 20
-69.88
 30
0.0
 11
-5.69298
 21
-63.12
 31
0.0
  0
LINE
  5
347AC
  8
GUIDE1
 10
5.64702
 20
-62.88
 30
0.0
 11
5.64702
 21
-56.12
 31
0.0
  0
LINE
  5
347AD
  8
GUIDE1
 10
5.10702
 20
-62.88
 30
0.0
 11
5.10702
 21
-56.12
 31
0.0
  0
LINE
  5
347AE
  8
GUIDE1
 10
4.56702
 20
-62.88
 30
0.0
 11
4.56702
 21
-56.12
 31
0.0
  0
LINE
  5
347AF
  8
GUIDE1
 10
4.02702
 20
-62.88
 30
0.0
 11
4.02702
 21
-56.12
 31
0.0
  0
LINE
  5
347B0
  8
GUIDE1
 10
3.48702
 20
-62.88
 30
0.0
 11
3.48702
 21
-56.12
 31
0.0
  0
LINE
  5
347B1
  8
GUIDE1
 10
2.94702
 20
-62.88
 30
0.0
 11
2.94702
 21
-56.12
 31
0.0
  0
LINE
  5
347B2
  8
GUIDE1
 10
2.40702
 20
-62.88
 30
0.0
 11
2.40702
 21
-56.12
 31
0.0
  0
LINE
  5
347B3
  8
GUIDE1
 10
1.86702
 20
-62.88
 30
0.0
 11
1.86702
 21
-56.12
 31
0.0
  0
LINE
  5
347B4
  8
GUIDE1
 10
1.32702
 20
-62.88
 30
0.0
 11
1.32702
 21
-56.12
 31
0.0
  0
LINE
  5
347B5
  8
GUIDE1
 10
0.78702
 20
-62.88
 30
0.0
 11
0.78702
 21
-56.12
 31
0.0
  0
LINE
  5
347B6
  8
GUIDE1
 10
0.24702
 20
-62.88
 30
0.0
 11
0.24702
 21
-56.12
 31
0.0
  0
LINE
  5
347B7
  8
GUIDE1
 10
-0.29298
 20
-62.88
 30
0.0
 11
-0.29298
 21
-56.12
 31
0.0
  0
LINE
  5
347B8
  8
GUIDE1
 10
-0.83298
 20
-62.88
 30
0.0
 11
-0.83298
 21
-56.12
 31
0.0
  0
LINE
  5
347B9
  8
GUIDE1
 10
-1.37298
 20
-62.88
 30
0.0
 11
-1.37298
 21
-56.12
 31
0.0
  0
LINE
  5
347BA
  8
GUIDE1
 10
-1.91298
 20
-62.88
 30
0.0
 11
-1.91298
 21
-56.12
 31
0.0
  0
LINE
  5
347BB
  8
GUIDE1
 10
-2.45298
 20
-62.88
 30
0.0
 11
-2.45298
 21
-56.12
 31
0.0
  0
LINE
  5
347BC
  8
GUIDE1
 10
-2.99298
 20
-62.88
 30
0.0
 11
-2.99298
 21
-56.12
 31
0.0
  0
LINE
  5
347BD
  8
GUIDE1
 10
-3.53298
 20
-62.88
 30
0.0
 11
-3.53298
 21
-56.12
 31
0.0
  0
LINE
  5
347BE
  8
GUIDE1
 10
-4.07298
 20
-62.88
 30
0.0
 11
-4.07298
 21
-56.12
 31
0.0
  0
LINE
  5
347BF
  8
GUIDE1
 10
-4.61298
 20
-62.88
 30
0.0
 11
-4.61298
 21
-56.12
 31
0.0
  0
LINE
  5
347C0
  8
GUIDE1
 10
-5.15298
 20
-62.88
 30
0.0
 11
-5.15298
 21
-56.12
 31
0.0
  0
LINE
  5
347C1
  8
GUIDE1
 10
-5.69298
 20
-62.88
 30
0.0
 11
-5.69298
 21
-56.12
 31
0.0
  0
LINE
  5
347C2
  8
GUIDE1
 10
5.64702
 20
-55.88
 30
0.0
 11
5.64702
 21
-49.12
 31
0.0
  0
LINE
  5
347C3
  8
GUIDE1
 10
5.10702
 20
-55.88
 30
0.0
 11
5.10702
 21
-49.12
 31
0.0
  0
LINE
  5
347C4
  8
GUIDE1
 10
4.56702
 20
-55.88
 30
0.0
 11
4.56702
 21
-49.12
 31
0.0
  0
LINE
  5
347C5
  8
GUIDE1
 10
4.02702
 20
-55.88
 30
0.0
 11
4.02702
 21
-49.12
 31
0.0
  0
LINE
  5
347C6
  8
GUIDE1
 10
3.48702
 20
-55.88
 30
0.0
 11
3.48702
 21
-49.12
 31
0.0
  0
LINE
  5
347C7
  8
GUIDE1
 10
2.94702
 20
-55.88
 30
0.0
 11
2.94702
 21
-49.12
 31
0.0
  0
LINE
  5
347C8
  8
GUIDE1
 10
2.40702
 20
-55.88
 30
0.0
 11
2.40702
 21
-49.12
 31
0.0
  0
LINE
  5
347C9
  8
GUIDE1
 10
1.86702
 20
-55.88
 30
0.0
 11
1.86702
 21
-49.12
 31
0.0
  0
LINE
  5
347CA
  8
GUIDE1
 10
1.32702
 20
-55.88
 30
0.0
 11
1.32702
 21
-49.12
 31
0.0
  0
LINE
  5
347CB
  8
GUIDE1
 10
0.78702
 20
-55.88
 30
0.0
 11
0.78702
 21
-49.12
 31
0.0
  0
LINE
  5
347CC
  8
GUIDE1
 10
0.24702
 20
-55.88
 30
0.0
 11
0.24702
 21
-49.12
 31
0.0
  0
LINE
  5
347CD
  8
GUIDE1
 10
-0.29298
 20
-55.88
 30
0.0
 11
-0.29298
 21
-49.12
 31
0.0
  0
LINE
  5
347CE
  8
GUIDE1
 10
-0.83298
 20
-55.88
 30
0.0
 11
-0.83298
 21
-49.12
 31
0.0
  0
LINE
  5
347CF
  8
GUIDE1
 10
-1.37298
 20
-55.88
 30
0.0
 11
-1.37298
 21
-49.12
 31
0.0
  0
LINE
  5
347D0
  8
GUIDE1
 10
-1.91298
 20
-55.88
 30
0.0
 11
-1.91298
 21
-49.12
 31
0.0
  0
LINE
  5
347D1
  8
GUIDE1
 10
-2.45298
 20
-55.88
 30
0.0
 11
-2.45298
 21
-49.12
 31
0.0
  0
LINE
  5
347D2
  8
GUIDE1
 10
-2.99298
 20
-55.88
 30
0.0
 11
-2.99298
 21
-49.12
 31
0.0
  0
LINE
  5
347D3
  8
GUIDE1
 10
-3.53298
 20
-55.88
 30
0.0
 11
-3.53298
 21
-49.12
 31
0.0
  0
LINE
  5
347D4
  8
GUIDE1
 10
-4.07298
 20
-55.88
 30
0.0
 11
-4.07298
 21
-49.12
 31
0.0
  0
LINE
  5
347D5
  8
GUIDE1
 10
-4.61298
 20
-55.88
 30
0.0
 11
-4.61298
 21
-49.12
 31
0.0
  0
LINE
  5
347D6
  8
GUIDE1
 10
-5.15298
 20
-55.88
 30
0.0
 11
-5.15298
 21
-49.12
 31
0.0
  0
LINE
  5
347D7
  8
GUIDE1
 10
-5.69298
 20
-55.88
 30
0.0
 11
-5.69298
 21
-49.12
 31
0.0
  0
LINE
  5
347D8
  8
GUIDE1
 10
5.64702
 20
-48.88
 30
0.0
 11
5.64702
 21
-42.12
 31
0.0
  0
LINE
  5
347D9
  8
GUIDE1
 10
5.10702
 20
-48.88
 30
0.0
 11
5.10702
 21
-42.12
 31
0.0
  0
LINE
  5
347DA
  8
GUIDE1
 10
4.56702
 20
-48.88
 30
0.0
 11
4.56702
 21
-42.12
 31
0.0
  0
LINE
  5
347DB
  8
GUIDE1
 10
4.02702
 20
-48.88
 30
0.0
 11
4.02702
 21
-42.12
 31
0.0
  0
LINE
  5
347DC
  8
GUIDE1
 10
3.48702
 20
-48.88
 30
0.0
 11
3.48702
 21
-42.12
 31
0.0
  0
LINE
  5
347DD
  8
GUIDE1
 10
2.94702
 20
-48.88
 30
0.0
 11
2.94702
 21
-42.12
 31
0.0
  0
LINE
  5
347DE
  8
GUIDE1
 10
2.40702
 20
-48.88
 30
0.0
 11
2.40702
 21
-42.12
 31
0.0
  0
LINE
  5
347DF
  8
GUIDE1
 10
1.86702
 20
-48.88
 30
0.0
 11
1.86702
 21
-42.12
 31
0.0
  0
LINE
  5
347E0
  8
GUIDE1
 10
1.32702
 20
-48.88
 30
0.0
 11
1.32702
 21
-42.12
 31
0.0
  0
LINE
  5
347E1
  8
GUIDE1
 10
0.78702
 20
-48.88
 30
0.0
 11
0.78702
 21
-42.12
 31
0.0
  0
LINE
  5
347E2
  8
GUIDE1
 10
0.24702
 20
-48.88
 30
0.0
 11
0.24702
 21
-42.12
 31
0.0
  0
LINE
  5
347E3
  8
GUIDE1
 10
-0.29298
 20
-48.88
 30
0.0
 11
-0.29298
 21
-42.12
 31
0.0
  0
LINE
  5
347E4
  8
GUIDE1
 10
-0.83298
 20
-48.88
 30
0.0
 11
-0.83298
 21
-42.12
 31
0.0
  0
LINE
  5
347E5
  8
GUIDE1
 10
-1.37298
 20
-48.88
 30
0.0
 11
-1.37298
 21
-42.12
 31
0.0
  0
LINE
  5
347E6
  8
GUIDE1
 10
-1.91298
 20
-48.88
 30
0.0
 11
-1.91298
 21
-42.12
 31
0.0
  0
LINE
  5
347E7
  8
GUIDE1
 10
-2.45298
 20
-48.88
 30
0.0
 11
-2.45298
 21
-42.12
 31
0.0
  0
LINE
  5
347E8
  8
GUIDE1
 10
-2.99298
 20
-48.88
 30
0.0
 11
-2.99298
 21
-42.12
 31
0.0
  0
LINE
  5
347E9
  8
GUIDE1
 10
-3.53298
 20
-48.88
 30
0.0
 11
-3.53298
 21
-42.12
 31
0.0
  0
LINE
  5
347EA
  8
GUIDE1
 10
-4.07298
 20
-48.88
 30
0.0
 11
-4.07298
 21
-42.12
 31
0.0
  0
LINE
  5
347EB
  8
GUIDE1
 10
-4.61298
 20
-48.88
 30
0.0
 11
-4.61298
 21
-42.12
 31
0.0
  0
LINE
  5
347EC
  8
GUIDE1
 10
-5.15298
 20
-48.88
 30
0.0
 11
-5.15298
 21
-42.12
 31
0.0
  0
LINE
  5
347ED
  8
GUIDE1
 10
-5.69298
 20
-48.88
 30
0.0
 11
-5.69298
 21
-42.12
 31
0.0
  0
LINE
  5
347EE
  8
GUIDE1
 10
5.64702
 20
-41.88
 30
0.0
 11
5.64702
 21
-35.12
 31
0.0
  0
LINE
  5
347EF
  8
GUIDE1
 10
5.10702
 20
-41.88
 30
0.0
 11
5.10702
 21
-35.12
 31
0.0
  0
LINE
  5
347F0
  8
GUIDE1
 10
4.56702
 20
-41.88
 30
0.0
 11
4.56702
 21
-35.12
 31
0.0
  0
LINE
  5
347F1
  8
GUIDE1
 10
4.02702
 20
-41.88
 30
0.0
 11
4.02702
 21
-35.12
 31
0.0
  0
LINE
  5
347F2
  8
GUIDE1
 10
3.48702
 20
-41.88
 30
0.0
 11
3.48702
 21
-35.12
 31
0.0
  0
LINE
  5
347F3
  8
GUIDE1
 10
2.94702
 20
-41.88
 30
0.0
 11
2.94702
 21
-35.12
 31
0.0
  0
LINE
  5
347F4
  8
GUIDE1
 10
2.40702
 20
-41.88
 30
0.0
 11
2.40702
 21
-35.12
 31
0.0
  0
LINE
  5
347F5
  8
GUIDE1
 10
1.86702
 20
-41.88
 30
0.0
 11
1.86702
 21
-35.12
 31
0.0
  0
LINE
  5
347F6
  8
GUIDE1
 10
1.32702
 20
-41.88
 30
0.0
 11
1.32702
 21
-35.12
 31
0.0
  0
LINE
  5
347F7
  8
GUIDE1
 10
0.78702
 20
-41.88
 30
0.0
 11
0.78702
 21
-35.12
 31
0.0
  0
LINE
  5
347F8
  8
GUIDE1
 10
0.24702
 20
-41.88
 30
0.0
 11
0.24702
 21
-35.12
 31
0.0
  0
LINE
  5
347F9
  8
GUIDE1
 10
-0.29298
 20
-41.88
 30
0.0
 11
-0.29298
 21
-35.12
 31
0.0
  0
LINE
  5
347FA
  8
GUIDE1
 10
-0.83298
 20
-41.88
 30
0.0
 11
-0.83298
 21
-35.12
 31
0.0
  0
LINE
  5
347FB
  8
GUIDE1
 10
-1.37298
 20
-41.88
 30
0.0
 11
-1.37298
 21
-35.12
 31
0.0
  0
LINE
  5
347FC
  8
GUIDE1
 10
-1.91298
 20
-41.88
 30
0.0
 11
-1.91298
 21
-35.12
 31
0.0
  0
LINE
  5
347FD
  8
GUIDE1
 10
-2.45298
 20
-41.88
 30
0.0
 11
-2.45298
 21
-35.12
 31
0.0
  0
LINE
  5
347FE
  8
GUIDE1
 10
-2.99298
 20
-41.88
 30
0.0
 11
-2.99298
 21
-35.12
 31
0.0
  0
LINE
  5
347FF
  8
GUIDE1
 10
-3.53298
 20
-41.88
 30
0.0
 11
-3.53298
 21
-35.12
 31
0.0
  0
LINE
  5
34800
  8
GUIDE1
 10
-4.07298
 20
-41.88
 30
0.0
 11
-4.07298
 21
-35.12
 31
0.0
  0
LINE
  5
34801
  8
GUIDE1
 10
-4.61298
 20
-41.88
 30
0.0
 11
-4.61298
 21
-35.12
 31
0.0
  0
LINE
  5
34802
  8
GUIDE1
 10
-5.15298
 20
-41.88
 30
0.0
 11
-5.15298
 21
-35.12
 31
0.0
  0
LINE
  5
34803
  8
GUIDE1
 10
-5.69298
 20
-41.88
 30
0.0
 11
-5.69298
 21
-35.12
 31
0.0
  0
LINE
  5
34804
  8
GUIDE1
 10
5.64702
 20
-34.88
 30
0.0
 11
5.64702
 21
-28.12
 31
0.0
  0
LINE
  5
34805
  8
GUIDE1
 10
5.10702
 20
-34.88
 30
0.0
 11
5.10702
 21
-28.12
 31
0.0
  0
LINE
  5
34806
  8
GUIDE1
 10
4.56702
 20
-34.88
 30
0.0
 11
4.56702
 21
-28.12
 31
0.0
  0
LINE
  5
34807
  8
GUIDE1
 10
4.02702
 20
-34.88
 30
0.0
 11
4.02702
 21
-28.12
 31
0.0
  0
LINE
  5
34808
  8
GUIDE1
 10
3.48702
 20
-34.88
 30
0.0
 11
3.48702
 21
-28.12
 31
0.0
  0
LINE
  5
34809
  8
GUIDE1
 10
2.94702
 20
-34.88
 30
0.0
 11
2.94702
 21
-28.12
 31
0.0
  0
LINE
  5
3480A
  8
GUIDE1
 10
2.40702
 20
-34.88
 30
0.0
 11
2.40702
 21
-28.12
 31
0.0
  0
LINE
  5
3480B
  8
GUIDE1
 10
1.86702
 20
-34.88
 30
0.0
 11
1.86702
 21
-28.12
 31
0.0
  0
LINE
  5
3480C
  8
GUIDE1
 10
1.32702
 20
-34.88
 30
0.0
 11
1.32702
 21
-28.12
 31
0.0
  0
LINE
  5
3480D
  8
GUIDE1
 10
0.78702
 20
-34.88
 30
0.0
 11
0.78702
 21
-28.12
 31
0.0
  0
LINE
  5
3480E
  8
GUIDE1
 10
0.24702
 20
-34.88
 30
0.0
 11
0.24702
 21
-28.12
 31
0.0
  0
LINE
  5
3480F
  8
GUIDE1
 10
-0.29298
 20
-34.88
 30
0.0
 11
-0.29298
 21
-28.12
 31
0.0
  0
LINE
  5
34810
  8
GUIDE1
 10
-0.83298
 20
-34.88
 30
0.0
 11
-0.83298
 21
-28.12
 31
0.0
  0
LINE
  5
34811
  8
GUIDE1
 10
-1.37298
 20
-34.88
 30
0.0
 11
-1.37298
 21
-28.12
 31
0.0
  0
LINE
  5
34812
  8
GUIDE1
 10
-1.91298
 20
-34.88
 30
0.0
 11
-1.91298
 21
-28.12
 31
0.0
  0
LINE
  5
34813
  8
GUIDE1
 10
-2.45298
 20
-34.88
 30
0.0
 11
-2.45298
 21
-28.12
 31
0.0
  0
LINE
  5
34814
  8
GUIDE1
 10
-2.99298
 20
-34.88
 30
0.0
 11
-2.99298
 21
-28.12
 31
0.0
  0
LINE
  5
34815
  8
GUIDE1
 10
-3.53298
 20
-34.88
 30
0.0
 11
-3.53298
 21
-28.12
 31
0.0
  0
LINE
  5
34816
  8
GUIDE1
 10
-4.07298
 20
-34.88
 30
0.0
 11
-4.07298
 21
-28.12
 31
0.0
  0
LINE
  5
34817
  8
GUIDE1
 10
-4.61298
 20
-34.88
 30
0.0
 11
-4.61298
 21
-28.12
 31
0.0
  0
LINE
  5
34818
  8
GUIDE1
 10
-5.15298
 20
-34.88
 30
0.0
 11
-5.15298
 21
-28.12
 31
0.0
  0
LINE
  5
34819
  8
GUIDE1
 10
-5.69298
 20
-34.88
 30
0.0
 11
-5.69298
 21
-28.12
 31
0.0
  0
LINE
  5
3481A
  8
GUIDE1
 10
5.64702
 20
-27.88
 30
0.0
 11
5.64702
 21
-21.12
 31
0.0
  0
LINE
  5
3481B
  8
GUIDE1
 10
5.10702
 20
-27.88
 30
0.0
 11
5.10702
 21
-21.12
 31
0.0
  0
LINE
  5
3481C
  8
GUIDE1
 10
4.56702
 20
-27.88
 30
0.0
 11
4.56702
 21
-21.12
 31
0.0
  0
LINE
  5
3481D
  8
GUIDE1
 10
4.02702
 20
-27.88
 30
0.0
 11
4.02702
 21
-21.12
 31
0.0
  0
LINE
  5
3481E
  8
GUIDE1
 10
3.48702
 20
-27.88
 30
0.0
 11
3.48702
 21
-21.12
 31
0.0
  0
LINE
  5
3481F
  8
GUIDE1
 10
2.94702
 20
-27.88
 30
0.0
 11
2.94702
 21
-21.12
 31
0.0
  0
LINE
  5
34820
  8
GUIDE1
 10
2.40702
 20
-27.88
 30
0.0
 11
2.40702
 21
-21.12
 31
0.0
  0
LINE
  5
34821
  8
GUIDE1
 10
1.86702
 20
-27.88
 30
0.0
 11
1.86702
 21
-21.12
 31
0.0
  0
LINE
  5
34822
  8
GUIDE1
 10
1.32702
 20
-27.88
 30
0.0
 11
1.32702
 21
-21.12
 31
0.0
  0
LINE
  5
34823
  8
GUIDE1
 10
0.78702
 20
-27.88
 30
0.0
 11
0.78702
 21
-21.12
 31
0.0
  0
LINE
  5
34824
  8
GUIDE1
 10
0.24702
 20
-27.88
 30
0.0
 11
0.24702
 21
-21.12
 31
0.0
  0
LINE
  5
34825
  8
GUIDE1
 10
-0.29298
 20
-27.88
 30
0.0
 11
-0.29298
 21
-21.12
 31
0.0
  0
LINE
  5
34826
  8
GUIDE1
 10
-0.83298
 20
-27.88
 30
0.0
 11
-0.83298
 21
-21.12
 31
0.0
  0
LINE
  5
34827
  8
GUIDE1
 10
-1.37298
 20
-27.88
 30
0.0
 11
-1.37298
 21
-21.12
 31
0.0
  0
LINE
  5
34828
  8
GUIDE1
 10
-1.91298
 20
-27.88
 30
0.0
 11
-1.91298
 21
-21.12
 31
0.0
  0
LINE
  5
34829
  8
GUIDE1
 10
-2.45298
 20
-27.88
 30
0.0
 11
-2.45298
 21
-21.12
 31
0.0
  0
LINE
  5
3482A
  8
GUIDE1
 10
-2.99298
 20
-27.88
 30
0.0
 11
-2.99298
 21
-21.12
 31
0.0
  0
LINE
  5
3482B
  8
GUIDE1
 10
-3.53298
 20
-27.88
 30
0.0
 11
-3.53298
 21
-21.12
 31
0.0
  0
LINE
  5
3482C
  8
GUIDE1
 10
-4.07298
 20
-27.88
 30
0.0
 11
-4.07298
 21
-21.12
 31
0.0
  0
LINE
  5
3482D
  8
GUIDE1
 10
-4.61298
 20
-27.88
 30
0.0
 11
-4.61298
 21
-21.12
 31
0.0
  0
LINE
  5
3482E
  8
GUIDE1
 10
-5.15298
 20
-27.88
 30
0.0
 11
-5.15298
 21
-21.12
 31
0.0
  0
LINE
  5
3482F
  8
GUIDE1
 10
-5.69298
 20
-27.88
 30
0.0
 11
-5.69298
 21
-21.12
 31
0.0
  0
LINE
  5
34830
  8
GUIDE1
 10
5.64702
 20
-20.88
 30
0.0
 11
5.64702
 21
-14.12
 31
0.0
  0
LINE
  5
34831
  8
GUIDE1
 10
5.10702
 20
-20.88
 30
0.0
 11
5.10702
 21
-14.12
 31
0.0
  0
LINE
  5
34832
  8
GUIDE1
 10
4.56702
 20
-20.88
 30
0.0
 11
4.56702
 21
-14.12
 31
0.0
  0
LINE
  5
34833
  8
GUIDE1
 10
4.02702
 20
-20.88
 30
0.0
 11
4.02702
 21
-14.12
 31
0.0
  0
LINE
  5
34834
  8
GUIDE1
 10
3.48702
 20
-20.88
 30
0.0
 11
3.48702
 21
-14.12
 31
0.0
  0
LINE
  5
34835
  8
GUIDE1
 10
2.94702
 20
-20.88
 30
0.0
 11
2.94702
 21
-14.12
 31
0.0
  0
LINE
  5
34836
  8
GUIDE1
 10
2.40702
 20
-20.88
 30
0.0
 11
2.40702
 21
-14.12
 31
0.0
  0
LINE
  5
34837
  8
GUIDE1
 10
1.86702
 20
-20.88
 30
0.0
 11
1.86702
 21
-14.12
 31
0.0
  0
LINE
  5
34838
  8
GUIDE1
 10
1.32702
 20
-20.88
 30
0.0
 11
1.32702
 21
-14.12
 31
0.0
  0
LINE
  5
34839
  8
GUIDE1
 10
0.78702
 20
-20.88
 30
0.0
 11
0.78702
 21
-14.12
 31
0.0
  0
LINE
  5
3483A
  8
GUIDE1
 10
0.24702
 20
-20.88
 30
0.0
 11
0.24702
 21
-14.12
 31
0.0
  0
LINE
  5
3483B
  8
GUIDE1
 10
-0.29298
 20
-20.88
 30
0.0
 11
-0.29298
 21
-14.12
 31
0.0
  0
LINE
  5
3483C
  8
GUIDE1
 10
-0.83298
 20
-20.88
 30
0.0
 11
-0.83298
 21
-14.12
 31
0.0
  0
LINE
  5
3483D
  8
GUIDE1
 10
-1.37298
 20
-20.88
 30
0.0
 11
-1.37298
 21
-14.12
 31
0.0
  0
LINE
  5
3483E
  8
GUIDE1
 10
-1.91298
 20
-20.88
 30
0.0
 11
-1.91298
 21
-14.12
 31
0.0
  0
LINE
  5
3483F
  8
GUIDE1
 10
-2.45298
 20
-20.88
 30
0.0
 11
-2.45298
 21
-14.12
 31
0.0
  0
LINE
  5
34840
  8
GUIDE1
 10
-2.99298
 20
-20.88
 30
0.0
 11
-2.99298
 21
-14.12
 31
0.0
  0
LINE
  5
34841
  8
GUIDE1
 10
-3.53298
 20
-20.88
 30
0.0
 11
-3.53298
 21
-14.12
 31
0.0
  0
LINE
  5
34842
  8
GUIDE1
 10
-4.07298
 20
-20.88
 30
0.0
 11
-4.07298
 21
-14.12
 31
0.0
  0
LINE
  5
34843
  8
GUIDE1
 10
-4.61298
 20
-20.88
 30
0.0
 11
-4.61298
 21
-14.12
 31
0.0
  0
LINE
  5
34844
  8
GUIDE1
 10
-5.15298
 20
-20.88
 30
0.0
 11
-5.15298
 21
-14.12
 31
0.0
  0
LINE
  5
34845
  8
GUIDE1
 10
-5.69298
 20
-20.88
 30
0.0
 11
-5.69298
 21
-14.12
 31
0.0
  0
LINE
  5
34846
  8
GUIDE1
 10
5.64702
 20
-13.88
 30
0.0
 11
5.64702
 21
-7.12
 31
0.0
  0
LINE
  5
34847
  8
GUIDE1
 10
5.10702
 20
-13.88
 30
0.0
 11
5.10702
 21
-7.12
 31
0.0
  0
LINE
  5
34848
  8
GUIDE1
 10
4.56702
 20
-13.88
 30
0.0
 11
4.56702
 21
-7.12
 31
0.0
  0
LINE
  5
34849
  8
GUIDE1
 10
4.02702
 20
-13.88
 30
0.0
 11
4.02702
 21
-7.12
 31
0.0
  0
LINE
  5
3484A
  8
GUIDE1
 10
3.48702
 20
-13.88
 30
0.0
 11
3.48702
 21
-7.12
 31
0.0
  0
LINE
  5
3484B
  8
GUIDE1
 10
2.94702
 20
-13.88
 30
0.0
 11
2.94702
 21
-7.12
 31
0.0
  0
LINE
  5
3484C
  8
GUIDE1
 10
2.40702
 20
-13.88
 30
0.0
 11
2.40702
 21
-7.12
 31
0.0
  0
LINE
  5
3484D
  8
GUIDE1
 10
1.86702
 20
-13.88
 30
0.0
 11
1.86702
 21
-7.12
 31
0.0
  0
LINE
  5
3484E
  8
GUIDE1
 10
1.32702
 20
-13.88
 30
0.0
 11
1.32702
 21
-7.12
 31
0.0
  0
LINE
  5
3484F
  8
GUIDE1
 10
0.78702
 20
-13.88
 30
0.0
 11
0.78702
 21
-7.12
 31
0.0
  0
LINE
  5
34850
  8
GUIDE1
 10
0.24702
 20
-13.88
 30
0.0
 11
0.24702
 21
-7.12
 31
0.0
  0
LINE
  5
34851
  8
GUIDE1
 10
-0.29298
 20
-13.88
 30
0.0
 11
-0.29298
 21
-7.12
 31
0.0
  0
LINE
  5
34852
  8
GUIDE1
 10
-0.83298
 20
-13.88
 30
0.0
 11
-0.83298
 21
-7.12
 31
0.0
  0
LINE
  5
34853
  8
GUIDE1
 10
-1.37298
 20
-13.88
 30
0.0
 11
-1.37298
 21
-7.12
 31
0.0
  0
LINE
  5
34854
  8
GUIDE1
 10
-1.91298
 20
-13.88
 30
0.0
 11
-1.91298
 21
-7.12
 31
0.0
  0
LINE
  5
34855
  8
GUIDE1
 10
-2.45298
 20
-13.88
 30
0.0
 11
-2.45298
 21
-7.12
 31
0.0
  0
LINE
  5
34856
  8
GUIDE1
 10
-2.99298
 20
-13.88
 30
0.0
 11
-2.99298
 21
-7.12
 31
0.0
  0
LINE
  5
34857
  8
GUIDE1
 10
-3.53298
 20
-13.88
 30
0.0
 11
-3.53298
 21
-7.12
 31
0.0
  0
LINE
  5
34858
  8
GUIDE1
 10
-4.07298
 20
-13.88
 30
0.0
 11
-4.07298
 21
-7.12
 31
0.0
  0
LINE
  5
34859
  8
GUIDE1
 10
-4.61298
 20
-13.88
 30
0.0
 11
-4.61298
 21
-7.12
 31
0.0
  0
LINE
  5
3485A
  8
GUIDE1
 10
-5.15298
 20
-13.88
 30
0.0
 11
-5.15298
 21
-7.12
 31
0.0
  0
LINE
  5
3485B
  8
GUIDE1
 10
-5.69298
 20
-13.88
 30
0.0
 11
-5.69298
 21
-7.12
 31
0.0
  0
LINE
  5
3485C
  8
GUIDE1
 10
5.64702
 20
-6.88
 30
0.0
 11
5.64702
 21
-0.12
 31
0.0
  0
LINE
  5
3485D
  8
GUIDE1
 10
5.10702
 20
-6.88
 30
0.0
 11
5.10702
 21
-0.12
 31
0.0
  0
LINE
  5
3485E
  8
GUIDE1
 10
4.56702
 20
-6.88
 30
0.0
 11
4.56702
 21
-0.12
 31
0.0
  0
LINE
  5
3485F
  8
GUIDE1
 10
4.02702
 20
-6.88
 30
0.0
 11
4.02702
 21
-0.12
 31
0.0
  0
LINE
  5
34860
  8
GUIDE1
 10
3.48702
 20
-6.88
 30
0.0
 11
3.48702
 21
-0.12
 31
0.0
  0
LINE
  5
34861
  8
GUIDE1
 10
2.94702
 20
-6.88
 30
0.0
 11
2.94702
 21
-0.12
 31
0.0
  0
LINE
  5
34862
  8
GUIDE1
 10
2.40702
 20
-6.88
 30
0.0
 11
2.40702
 21
-0.12
 31
0.0
  0
LINE
  5
34863
  8
GUIDE1
 10
1.86702
 20
-6.88
 30
0.0
 11
1.86702
 21
-0.12
 31
0.0
  0
LINE
  5
34864
  8
GUIDE1
 10
1.32702
 20
-6.88
 30
0.0
 11
1.32702
 21
-0.12
 31
0.0
  0
LINE
  5
34865
  8
GUIDE1
 10
0.78702
 20
-6.88
 30
0.0
 11
0.78702
 21
-0.12
 31
0.0
  0
LINE
  5
34866
  8
GUIDE1
 10
0.24702
 20
-6.88
 30
0.0
 11
0.24702
 21
-0.12
 31
0.0
  0
LINE
  5
34867
  8
GUIDE1
 10
-0.29298
 20
-6.88
 30
0.0
 11
-0.29298
 21
-0.12
 31
0.0
  0
LINE
  5
34868
  8
GUIDE1
 10
-0.83298
 20
-6.88
 30
0.0
 11
-0.83298
 21
-0.12
 31
0.0
  0
LINE
  5
34869
  8
GUIDE1
 10
-1.37298
 20
-6.88
 30
0.0
 11
-1.37298
 21
-0.12
 31
0.0
  0
LINE
  5
3486A
  8
GUIDE1
 10
-1.91298
 20
-6.88
 30
0.0
 11
-1.91298
 21
-0.12
 31
0.0
  0
LINE
  5
3486B
  8
GUIDE1
 10
-2.45298
 20
-6.88
 30
0.0
 11
-2.45298
 21
-0.12
 31
0.0
  0
LINE
  5
3486C
  8
GUIDE1
 10
-2.99298
 20
-6.88
 30
0.0
 11
-2.99298
 21
-0.12
 31
0.0
  0
LINE
  5
3486D
  8
GUIDE1
 10
-3.53298
 20
-6.88
 30
0.0
 11
-3.53298
 21
-0.12
 31
0.0
  0
LINE
  5
3486E
  8
GUIDE1
 10
-4.07298
 20
-6.88
 30
0.0
 11
-4.07298
 21
-0.12
 31
0.0
  0
LINE
  5
3486F
  8
GUIDE1
 10
-4.61298
 20
-6.88
 30
0.0
 11
-4.61298
 21
-0.12
 31
0.0
  0
LINE
  5
34870
  8
GUIDE1
 10
-5.15298
 20
-6.88
 30
0.0
 11
-5.15298
 21
-0.12
 31
0.0
  0
LINE
  5
34871
  8
GUIDE1
 10
-5.69298
 20
-6.88
 30
0.0
 11
-5.69298
 21
-0.12
 31
0.0
  0
LINE
  5
34872
  8
GUIDE1
 10
5.64702
 20
0.12
 30
0.0
 11
5.64702
 21
6.88
 31
0.0
  0
LINE
  5
34873
  8
GUIDE1
 10
5.10702
 20
0.12
 30
0.0
 11
5.10702
 21
6.88
 31
0.0
  0
LINE
  5
34874
  8
GUIDE1
 10
4.56702
 20
0.12
 30
0.0
 11
4.56702
 21
6.88
 31
0.0
  0
LINE
  5
34875
  8
GUIDE1
 10
4.02702
 20
0.12
 30
0.0
 11
4.02702
 21
6.88
 31
0.0
  0
LINE
  5
34876
  8
GUIDE1
 10
3.48702
 20
0.12
 30
0.0
 11
3.48702
 21
6.88
 31
0.0
  0
LINE
  5
34877
  8
GUIDE1
 10
2.94702
 20
0.12
 30
0.0
 11
2.94702
 21
6.88
 31
0.0
  0
LINE
  5
34878
  8
GUIDE1
 10
2.40702
 20
0.12
 30
0.0
 11
2.40702
 21
6.88
 31
0.0
  0
LINE
  5
34879
  8
GUIDE1
 10
1.86702
 20
0.12
 30
0.0
 11
1.86702
 21
6.88
 31
0.0
  0
LINE
  5
3487A
  8
GUIDE1
 10
1.32702
 20
0.12
 30
0.0
 11
1.32702
 21
6.88
 31
0.0
  0
LINE
  5
3487B
  8
GUIDE1
 10
0.78702
 20
0.12
 30
0.0
 11
0.78702
 21
6.88
 31
0.0
  0
LINE
  5
3487C
  8
GUIDE1
 10
0.24702
 20
0.12
 30
0.0
 11
0.24702
 21
6.88
 31
0.0
  0
LINE
  5
3487D
  8
GUIDE1
 10
-0.29298
 20
0.12
 30
0.0
 11
-0.29298
 21
6.88
 31
0.0
  0
LINE
  5
3487E
  8
GUIDE1
 10
-0.83298
 20
0.12
 30
0.0
 11
-0.83298
 21
6.88
 31
0.0
  0
LINE
  5
3487F
  8
GUIDE1
 10
-1.37298
 20
0.12
 30
0.0
 11
-1.37298
 21
6.88
 31
0.0
  0
LINE
  5
34880
  8
GUIDE1
 10
-1.91298
 20
0.12
 30
0.0
 11
-1.91298
 21
6.88
 31
0.0
  0
LINE
  5
34881
  8
GUIDE1
 10
-2.45298
 20
0.12
 30
0.0
 11
-2.45298
 21
6.88
 31
0.0
  0
LINE
  5
34882
  8
GUIDE1
 10
-2.99298
 20
0.12
 30
0.0
 11
-2.99298
 21
6.88
 31
0.0
  0
LINE
  5
34883
  8
GUIDE1
 10
-3.53298
 20
0.12
 30
0.0
 11
-3.53298
 21
6.88
 31
0.0
  0
LINE
  5
34884
  8
GUIDE1
 10
-4.07298
 20
0.12
 30
0.0
 11
-4.07298
 21
6.88
 31
0.0
  0
LINE
  5
34885
  8
GUIDE1
 10
-4.61298
 20
0.12
 30
0.0
 11
-4.61298
 21
6.88
 31
0.0
  0
LINE
  5
34886
  8
GUIDE1
 10
-5.15298
 20
0.12
 30
0.0
 11
-5.15298
 21
6.88
 31
0.0
  0
LINE
  5
34887
  8
GUIDE1
 10
-5.69298
 20
0.12
 30
0.0
 11
-5.69298
 21
6.88
 31
0.0
  0
LINE
  5
34888
  8
GUIDE1
 10
5.64702
 20
7.12
 30
0.0
 11
5.64702
 21
13.88
 31
0.0
  0
LINE
  5
34889
  8
GUIDE1
 10
5.10702
 20
7.12
 30
0.0
 11
5.10702
 21
13.88
 31
0.0
  0
LINE
  5
3488A
  8
GUIDE1
 10
4.56702
 20
7.12
 30
0.0
 11
4.56702
 21
13.88
 31
0.0
  0
LINE
  5
3488B
  8
GUIDE1
 10
4.02702
 20
7.12
 30
0.0
 11
4.02702
 21
13.88
 31
0.0
  0
LINE
  5
3488C
  8
GUIDE1
 10
3.48702
 20
7.12
 30
0.0
 11
3.48702
 21
13.88
 31
0.0
  0
LINE
  5
3488D
  8
GUIDE1
 10
2.94702
 20
7.12
 30
0.0
 11
2.94702
 21
13.88
 31
0.0
  0
LINE
  5
3488E
  8
GUIDE1
 10
2.40702
 20
7.12
 30
0.0
 11
2.40702
 21
13.88
 31
0.0
  0
LINE
  5
3488F
  8
GUIDE1
 10
1.86702
 20
7.12
 30
0.0
 11
1.86702
 21
13.88
 31
0.0
  0
LINE
  5
34890
  8
GUIDE1
 10
1.32702
 20
7.12
 30
0.0
 11
1.32702
 21
13.88
 31
0.0
  0
LINE
  5
34891
  8
GUIDE1
 10
0.78702
 20
7.12
 30
0.0
 11
0.78702
 21
13.88
 31
0.0
  0
LINE
  5
34892
  8
GUIDE1
 10
0.24702
 20
7.12
 30
0.0
 11
0.24702
 21
13.88
 31
0.0
  0
LINE
  5
34893
  8
GUIDE1
 10
-0.29298
 20
7.12
 30
0.0
 11
-0.29298
 21
13.88
 31
0.0
  0
LINE
  5
34894
  8
GUIDE1
 10
-0.83298
 20
7.12
 30
0.0
 11
-0.83298
 21
13.88
 31
0.0
  0
LINE
  5
34895
  8
GUIDE1
 10
-1.37298
 20
7.12
 30
0.0
 11
-1.37298
 21
13.88
 31
0.0
  0
LINE
  5
34896
  8
GUIDE1
 10
-1.91298
 20
7.12
 30
0.0
 11
-1.91298
 21
13.88
 31
0.0
  0
LINE
  5
34897
  8
GUIDE1
 10
-2.45298
 20
7.12
 30
0.0
 11
-2.45298
 21
13.88
 31
0.0
  0
LINE
  5
34898
  8
GUIDE1
 10
-2.99298
 20
7.12
 30
0.0
 11
-2.99298
 21
13.88
 31
0.0
  0
LINE
  5
34899
  8
GUIDE1
 10
-3.53298
 20
7.12
 30
0.0
 11
-3.53298
 21
13.88
 31
0.0
  0
LINE
  5
3489A
  8
GUIDE1
 10
-4.07298
 20
7.12
 30
0.0
 11
-4.07298
 21
13.88
 31
0.0
  0
LINE
  5
3489B
  8
GUIDE1
 10
-4.61298
 20
7.12
 30
0.0
 11
-4.61298
 21
13.88
 31
0.0
  0
LINE
  5
3489C
  8
GUIDE1
 10
-5.15298
 20
7.12
 30
0.0
 11
-5.15298
 21
13.88
 31
0.0
  0
LINE
  5
3489D
  8
GUIDE1
 10
-5.69298
 20
7.12
 30
0.0
 11
-5.69298
 21
13.88
 31
0.0
  0
LINE
  5
3489E
  8
GUIDE1
 10
5.64702
 20
14.12
 30
0.0
 11
5.64702
 21
20.88
 31
0.0
  0
LINE
  5
3489F
  8
GUIDE1
 10
5.10702
 20
14.12
 30
0.0
 11
5.10702
 21
20.88
 31
0.0
  0
LINE
  5
348A0
  8
GUIDE1
 10
4.56702
 20
14.12
 30
0.0
 11
4.56702
 21
20.88
 31
0.0
  0
LINE
  5
348A1
  8
GUIDE1
 10
4.02702
 20
14.12
 30
0.0
 11
4.02702
 21
20.88
 31
0.0
  0
LINE
  5
348A2
  8
GUIDE1
 10
3.48702
 20
14.12
 30
0.0
 11
3.48702
 21
20.88
 31
0.0
  0
LINE
  5
348A3
  8
GUIDE1
 10
2.94702
 20
14.12
 30
0.0
 11
2.94702
 21
20.88
 31
0.0
  0
LINE
  5
348A4
  8
GUIDE1
 10
2.40702
 20
14.12
 30
0.0
 11
2.40702
 21
20.88
 31
0.0
  0
LINE
  5
348A5
  8
GUIDE1
 10
1.86702
 20
14.12
 30
0.0
 11
1.86702
 21
20.88
 31
0.0
  0
LINE
  5
348A6
  8
GUIDE1
 10
1.32702
 20
14.12
 30
0.0
 11
1.32702
 21
20.88
 31
0.0
  0
LINE
  5
348A7
  8
GUIDE1
 10
0.78702
 20
14.12
 30
0.0
 11
0.78702
 21
20.88
 31
0.0
  0
LINE
  5
348A8
  8
GUIDE1
 10
0.24702
 20
14.12
 30
0.0
 11
0.24702
 21
20.88
 31
0.0
  0
LINE
  5
348A9
  8
GUIDE1
 10
-0.29298
 20
14.12
 30
0.0
 11
-0.29298
 21
20.88
 31
0.0
  0
LINE
  5
348AA
  8
GUIDE1
 10
-0.83298
 20
14.12
 30
0.0
 11
-0.83298
 21
20.88
 31
0.0
  0
LINE
  5
348AB
  8
GUIDE1
 10
-1.37298
 20
14.12
 30
0.0
 11
-1.37298
 21
20.88
 31
0.0
  0
LINE
  5
348AC
  8
GUIDE1
 10
-1.91298
 20
14.12
 30
0.0
 11
-1.91298
 21
20.88
 31
0.0
  0
LINE
  5
348AD
  8
GUIDE1
 10
-2.45298
 20
14.12
 30
0.0
 11
-2.45298
 21
20.88
 31
0.0
  0
LINE
  5
348AE
  8
GUIDE1
 10
-2.99298
 20
14.12
 30
0.0
 11
-2.99298
 21
20.88
 31
0.0
  0
LINE
  5
348AF
  8
GUIDE1
 10
-3.53298
 20
14.12
 30
0.0
 11
-3.53298
 21
20.88
 31
0.0
  0
LINE
  5
348B0
  8
GUIDE1
 10
-4.07298
 20
14.12
 30
0.0
 11
-4.07298
 21
20.88
 31
0.0
  0
LINE
  5
348B1
  8
GUIDE1
 10
-4.61298
 20
14.12
 30
0.0
 11
-4.61298
 21
20.88
 31
0.0
  0
LINE
  5
348B2
  8
GUIDE1
 10
-5.15298
 20
14.12
 30
0.0
 11
-5.15298
 21
20.88
 31
0.0
  0
LINE
  5
348B3
  8
GUIDE1
 10
-5.69298
 20
14.12
 30
0.0
 11
-5.69298
 21
20.88
 31
0.0
  0
LINE
  5
348B4
  8
GUIDE1
 10
5.64702
 20
21.12
 30
0.0
 11
5.64702
 21
27.88
 31
0.0
  0
LINE
  5
348B5
  8
GUIDE1
 10
5.10702
 20
21.12
 30
0.0
 11
5.10702
 21
27.88
 31
0.0
  0
LINE
  5
348B6
  8
GUIDE1
 10
4.56702
 20
21.12
 30
0.0
 11
4.56702
 21
27.88
 31
0.0
  0
LINE
  5
348B7
  8
GUIDE1
 10
4.02702
 20
21.12
 30
0.0
 11
4.02702
 21
27.88
 31
0.0
  0
LINE
  5
348B8
  8
GUIDE1
 10
3.48702
 20
21.12
 30
0.0
 11
3.48702
 21
27.88
 31
0.0
  0
LINE
  5
348B9
  8
GUIDE1
 10
2.94702
 20
21.12
 30
0.0
 11
2.94702
 21
27.88
 31
0.0
  0
LINE
  5
348BA
  8
GUIDE1
 10
2.40702
 20
21.12
 30
0.0
 11
2.40702
 21
27.88
 31
0.0
  0
LINE
  5
348BB
  8
GUIDE1
 10
1.86702
 20
21.12
 30
0.0
 11
1.86702
 21
27.88
 31
0.0
  0
LINE
  5
348BC
  8
GUIDE1
 10
1.32702
 20
21.12
 30
0.0
 11
1.32702
 21
27.88
 31
0.0
  0
LINE
  5
348BD
  8
GUIDE1
 10
0.78702
 20
21.12
 30
0.0
 11
0.78702
 21
27.88
 31
0.0
  0
LINE
  5
348BE
  8
GUIDE1
 10
0.24702
 20
21.12
 30
0.0
 11
0.24702
 21
27.88
 31
0.0
  0
LINE
  5
348BF
  8
GUIDE1
 10
-0.29298
 20
21.12
 30
0.0
 11
-0.29298
 21
27.88
 31
0.0
  0
LINE
  5
348C0
  8
GUIDE1
 10
-0.83298
 20
21.12
 30
0.0
 11
-0.83298
 21
27.88
 31
0.0
  0
LINE
  5
348C1
  8
GUIDE1
 10
-1.37298
 20
21.12
 30
0.0
 11
-1.37298
 21
27.88
 31
0.0
  0
LINE
  5
348C2
  8
GUIDE1
 10
-1.91298
 20
21.12
 30
0.0
 11
-1.91298
 21
27.88
 31
0.0
  0
LINE
  5
348C3
  8
GUIDE1
 10
-2.45298
 20
21.12
 30
0.0
 11
-2.45298
 21
27.88
 31
0.0
  0
LINE
  5
348C4
  8
GUIDE1
 10
-2.99298
 20
21.12
 30
0.0
 11
-2.99298
 21
27.88
 31
0.0
  0
LINE
  5
348C5
  8
GUIDE1
 10
-3.53298
 20
21.12
 30
0.0
 11
-3.53298
 21
27.88
 31
0.0
  0
LINE
  5
348C6
  8
GUIDE1
 10
-4.07298
 20
21.12
 30
0.0
 11
-4.07298
 21
27.88
 31
0.0
  0
LINE
  5
348C7
  8
GUIDE1
 10
-4.61298
 20
21.12
 30
0.0
 11
-4.61298
 21
27.88
 31
0.0
  0
LINE
  5
348C8
  8
GUIDE1
 10
-5.15298
 20
21.12
 30
0.0
 11
-5.15298
 21
27.88
 31
0.0
  0
LINE
  5
348C9
  8
GUIDE1
 10
-5.69298
 20
21.12
 30
0.0
 11
-5.69298
 21
27.88
 31
0.0
  0
LINE
  5
348CA
  8
GUIDE1
 10
5.64702
 20
28.12
 30
0.0
 11
5.64702
 21
34.88
 31
0.0
  0
LINE
  5
348CB
  8
GUIDE1
 10
5.10702
 20
28.12
 30
0.0
 11
5.10702
 21
34.88
 31
0.0
  0
LINE
  5
348CC
  8
GUIDE1
 10
4.56702
 20
28.12
 30
0.0
 11
4.56702
 21
34.88
 31
0.0
  0
LINE
  5
348CD
  8
GUIDE1
 10
4.02702
 20
28.12
 30
0.0
 11
4.02702
 21
34.88
 31
0.0
  0
LINE
  5
348CE
  8
GUIDE1
 10
3.48702
 20
28.12
 30
0.0
 11
3.48702
 21
34.88
 31
0.0
  0
LINE
  5
348CF
  8
GUIDE1
 10
2.94702
 20
28.12
 30
0.0
 11
2.94702
 21
34.88
 31
0.0
  0
LINE
  5
348D0
  8
GUIDE1
 10
2.40702
 20
28.12
 30
0.0
 11
2.40702
 21
34.88
 31
0.0
  0
LINE
  5
348D1
  8
GUIDE1
 10
1.86702
 20
28.12
 30
0.0
 11
1.86702
 21
34.88
 31
0.0
  0
LINE
  5
348D2
  8
GUIDE1
 10
1.32702
 20
28.12
 30
0.0
 11
1.32702
 21
34.88
 31
0.0
  0
LINE
  5
348D3
  8
GUIDE1
 10
0.78702
 20
28.12
 30
0.0
 11
0.78702
 21
34.88
 31
0.0
  0
LINE
  5
348D4
  8
GUIDE1
 10
0.24702
 20
28.12
 30
0.0
 11
0.24702
 21
34.88
 31
0.0
  0
LINE
  5
348D5
  8
GUIDE1
 10
-0.29298
 20
28.12
 30
0.0
 11
-0.29298
 21
34.88
 31
0.0
  0
LINE
  5
348D6
  8
GUIDE1
 10
-0.83298
 20
28.12
 30
0.0
 11
-0.83298
 21
34.88
 31
0.0
  0
LINE
  5
348D7
  8
GUIDE1
 10
-1.37298
 20
28.12
 30
0.0
 11
-1.37298
 21
34.88
 31
0.0
  0
LINE
  5
348D8
  8
GUIDE1
 10
-1.91298
 20
28.12
 30
0.0
 11
-1.91298
 21
34.88
 31
0.0
  0
LINE
  5
348D9
  8
GUIDE1
 10
-2.45298
 20
28.12
 30
0.0
 11
-2.45298
 21
34.88
 31
0.0
  0
LINE
  5
348DA
  8
GUIDE1
 10
-2.99298
 20
28.12
 30
0.0
 11
-2.99298
 21
34.88
 31
0.0
  0
LINE
  5
348DB
  8
GUIDE1
 10
-3.53298
 20
28.12
 30
0.0
 11
-3.53298
 21
34.88
 31
0.0
  0
LINE
  5
348DC
  8
GUIDE1
 10
-4.07298
 20
28.12
 30
0.0
 11
-4.07298
 21
34.88
 31
0.0
  0
LINE
  5
348DD
  8
GUIDE1
 10
-4.61298
 20
28.12
 30
0.0
 11
-4.61298
 21
34.88
 31
0.0
  0
LINE
  5
348DE
  8
GUIDE1
 10
-5.15298
 20
28.12
 30
0.0
 11
-5.15298
 21
34.88
 31
0.0
  0
LINE
  5
348DF
  8
GUIDE1
 10
-5.69298
 20
28.12
 30
0.0
 11
-5.69298
 21
34.88
 31
0.0
  0
LINE
  5
348E0
  8
GUIDE1
 10
5.64702
 20
35.12
 30
0.0
 11
5.64702
 21
41.88
 31
0.0
  0
LINE
  5
348E1
  8
GUIDE1
 10
5.10702
 20
35.12
 30
0.0
 11
5.10702
 21
41.88
 31
0.0
  0
LINE
  5
348E2
  8
GUIDE1
 10
4.56702
 20
35.12
 30
0.0
 11
4.56702
 21
41.88
 31
0.0
  0
LINE
  5
348E3
  8
GUIDE1
 10
4.02702
 20
35.12
 30
0.0
 11
4.02702
 21
41.88
 31
0.0
  0
LINE
  5
348E4
  8
GUIDE1
 10
3.48702
 20
35.12
 30
0.0
 11
3.48702
 21
41.88
 31
0.0
  0
LINE
  5
348E5
  8
GUIDE1
 10
2.94702
 20
35.12
 30
0.0
 11
2.94702
 21
41.88
 31
0.0
  0
LINE
  5
348E6
  8
GUIDE1
 10
2.40702
 20
35.12
 30
0.0
 11
2.40702
 21
41.88
 31
0.0
  0
LINE
  5
348E7
  8
GUIDE1
 10
1.86702
 20
35.12
 30
0.0
 11
1.86702
 21
41.88
 31
0.0
  0
LINE
  5
348E8
  8
GUIDE1
 10
1.32702
 20
35.12
 30
0.0
 11
1.32702
 21
41.88
 31
0.0
  0
LINE
  5
348E9
  8
GUIDE1
 10
0.78702
 20
35.12
 30
0.0
 11
0.78702
 21
41.88
 31
0.0
  0
LINE
  5
348EA
  8
GUIDE1
 10
0.24702
 20
35.12
 30
0.0
 11
0.24702
 21
41.88
 31
0.0
  0
LINE
  5
348EB
  8
GUIDE1
 10
-0.29298
 20
35.12
 30
0.0
 11
-0.29298
 21
41.88
 31
0.0
  0
LINE
  5
348EC
  8
GUIDE1
 10
-0.83298
 20
35.12
 30
0.0
 11
-0.83298
 21
41.88
 31
0.0
  0
LINE
  5
348ED
  8
GUIDE1
 10
-1.37298
 20
35.12
 30
0.0
 11
-1.37298
 21
41.88
 31
0.0
  0
LINE
  5
348EE
  8
GUIDE1
 10
-1.91298
 20
35.12
 30
0.0
 11
-1.91298
 21
41.88
 31
0.0
  0
LINE
  5
348EF
  8
GUIDE1
 10
-2.45298
 20
35.12
 30
0.0
 11
-2.45298
 21
41.88
 31
0.0
  0
LINE
  5
348F0
  8
GUIDE1
 10
-2.99298
 20
35.12
 30
0.0
 11
-2.99298
 21
41.88
 31
0.0
  0
LINE
  5
348F1
  8
GUIDE1
 10
-3.53298
 20
35.12
 30
0.0
 11
-3.53298
 21
41.88
 31
0.0
  0
LINE
  5
348F2
  8
GUIDE1
 10
-4.07298
 20
35.12
 30
0.0
 11
-4.07298
 21
41.88
 31
0.0
  0
LINE
  5
348F3
  8
GUIDE1
 10
-4.61298
 20
35.12
 30
0.0
 11
-4.61298
 21
41.88
 31
0.0
  0
LINE
  5
348F4
  8
GUIDE1
 10
-5.15298
 20
35.12
 30
0.0
 11
-5.15298
 21
41.88
 31
0.0
  0
LINE
  5
348F5
  8
GUIDE1
 10
-5.69298
 20
35.12
 30
0.0
 11
-5.69298
 21
41.88
 31
0.0
  0
LINE
  5
348F6
  8
GUIDE1
 10
5.64702
 20
42.12
 30
0.0
 11
5.64702
 21
48.88
 31
0.0
  0
LINE
  5
348F7
  8
GUIDE1
 10
5.10702
 20
42.12
 30
0.0
 11
5.10702
 21
48.88
 31
0.0
  0
LINE
  5
348F8
  8
GUIDE1
 10
4.56702
 20
42.12
 30
0.0
 11
4.56702
 21
48.88
 31
0.0
  0
LINE
  5
348F9
  8
GUIDE1
 10
4.02702
 20
42.12
 30
0.0
 11
4.02702
 21
48.88
 31
0.0
  0
LINE
  5
348FA
  8
GUIDE1
 10
3.48702
 20
42.12
 30
0.0
 11
3.48702
 21
48.88
 31
0.0
  0
LINE
  5
348FB
  8
GUIDE1
 10
2.94702
 20
42.12
 30
0.0
 11
2.94702
 21
48.88
 31
0.0
  0
LINE
  5
348FC
  8
GUIDE1
 10
2.40702
 20
42.12
 30
0.0
 11
2.40702
 21
48.88
 31
0.0
  0
LINE
  5
348FD
  8
GUIDE1
 10
1.86702
 20
42.12
 30
0.0
 11
1.86702
 21
48.88
 31
0.0
  0
LINE
  5
348FE
  8
GUIDE1
 10
1.32702
 20
42.12
 30
0.0
 11
1.32702
 21
48.88
 31
0.0
  0
LINE
  5
348FF
  8
GUIDE1
 10
0.78702
 20
42.12
 30
0.0
 11
0.78702
 21
48.88
 31
0.0
  0
LINE
  5
34900
  8
GUIDE1
 10
0.24702
 20
42.12
 30
0.0
 11
0.24702
 21
48.88
 31
0.0
  0
LINE
  5
34901
  8
GUIDE1
 10
-0.29298
 20
42.12
 30
0.0
 11
-0.29298
 21
48.88
 31
0.0
  0
LINE
  5
34902
  8
GUIDE1
 10
-0.83298
 20
42.12
 30
0.0
 11
-0.83298
 21
48.88
 31
0.0
  0
LINE
  5
34903
  8
GUIDE1
 10
-1.37298
 20
42.12
 30
0.0
 11
-1.37298
 21
48.88
 31
0.0
  0
LINE
  5
34904
  8
GUIDE1
 10
-1.91298
 20
42.12
 30
0.0
 11
-1.91298
 21
48.88
 31
0.0
  0
LINE
  5
34905
  8
GUIDE1
 10
-2.45298
 20
42.12
 30
0.0
 11
-2.45298
 21
48.88
 31
0.0
  0
LINE
  5
34906
  8
GUIDE1
 10
-2.99298
 20
42.12
 30
0.0
 11
-2.99298
 21
48.88
 31
0.0
  0
LINE
  5
34907
  8
GUIDE1
 10
-3.53298
 20
42.12
 30
0.0
 11
-3.53298
 21
48.88
 31
0.0
  0
LINE
  5
34908
  8
GUIDE1
 10
-4.07298
 20
42.12
 30
0.0
 11
-4.07298
 21
48.88
 31
0.0
  0
LINE
  5
34909
  8
GUIDE1
 10
-4.61298
 20
42.12
 30
0.0
 11
-4.61298
 21
48.88
 31
0.0
  0
LINE
  5
3490A
  8
GUIDE1
 10
-5.15298
 20
42.12
 30
0.0
 11
-5.15298
 21
48.88
 31
0.0
  0
LINE
  5
3490B
  8
GUIDE1
 10
-5.69298
 20
42.12
 30
0.0
 11
-5.69298
 21
48.88
 31
0.0
  0
LINE
  5
3490C
  8
GUIDE1
 10
5.64702
 20
49.12
 30
0.0
 11
5.64702
 21
55.88
 31
0.0
  0
LINE
  5
3490D
  8
GUIDE1
 10
5.10702
 20
49.12
 30
0.0
 11
5.10702
 21
55.88
 31
0.0
  0
LINE
  5
3490E
  8
GUIDE1
 10
4.56702
 20
49.12
 30
0.0
 11
4.56702
 21
55.88
 31
0.0
  0
LINE
  5
3490F
  8
GUIDE1
 10
4.02702
 20
49.12
 30
0.0
 11
4.02702
 21
55.88
 31
0.0
  0
LINE
  5
34910
  8
GUIDE1
 10
3.48702
 20
49.12
 30
0.0
 11
3.48702
 21
55.88
 31
0.0
  0
LINE
  5
34911
  8
GUIDE1
 10
2.94702
 20
49.12
 30
0.0
 11
2.94702
 21
55.88
 31
0.0
  0
LINE
  5
34912
  8
GUIDE1
 10
2.40702
 20
49.12
 30
0.0
 11
2.40702
 21
55.88
 31
0.0
  0
LINE
  5
34913
  8
GUIDE1
 10
1.86702
 20
49.12
 30
0.0
 11
1.86702
 21
55.88
 31
0.0
  0
LINE
  5
34914
  8
GUIDE1
 10
1.32702
 20
49.12
 30
0.0
 11
1.32702
 21
55.88
 31
0.0
  0
LINE
  5
34915
  8
GUIDE1
 10
0.78702
 20
49.12
 30
0.0
 11
0.78702
 21
55.88
 31
0.0
  0
LINE
  5
34916
  8
GUIDE1
 10
0.24702
 20
49.12
 30
0.0
 11
0.24702
 21
55.88
 31
0.0
  0
LINE
  5
34917
  8
GUIDE1
 10
-0.29298
 20
49.12
 30
0.0
 11
-0.29298
 21
55.88
 31
0.0
  0
LINE
  5
34918
  8
GUIDE1
 10
-0.83298
 20
49.12
 30
0.0
 11
-0.83298
 21
55.88
 31
0.0
  0
LINE
  5
34919
  8
GUIDE1
 10
-1.37298
 20
49.12
 30
0.0
 11
-1.37298
 21
55.88
 31
0.0
  0
LINE
  5
3491A
  8
GUIDE1
 10
-1.91298
 20
49.12
 30
0.0
 11
-1.91298
 21
55.88
 31
0.0
  0
LINE
  5
3491B
  8
GUIDE1
 10
-2.45298
 20
49.12
 30
0.0
 11
-2.45298
 21
55.88
 31
0.0
  0
LINE
  5
3491C
  8
GUIDE1
 10
-2.99298
 20
49.12
 30
0.0
 11
-2.99298
 21
55.88
 31
0.0
  0
LINE
  5
3491D
  8
GUIDE1
 10
-3.53298
 20
49.12
 30
0.0
 11
-3.53298
 21
55.88
 31
0.0
  0
LINE
  5
3491E
  8
GUIDE1
 10
-4.07298
 20
49.12
 30
0.0
 11
-4.07298
 21
55.88
 31
0.0
  0
LINE
  5
3491F
  8
GUIDE1
 10
-4.61298
 20
49.12
 30
0.0
 11
-4.61298
 21
55.88
 31
0.0
  0
LINE
  5
34920
  8
GUIDE1
 10
-5.15298
 20
49.12
 30
0.0
 11
-5.15298
 21
55.88
 31
0.0
  0
LINE
  5
34921
  8
GUIDE1
 10
-5.69298
 20
49.12
 30
0.0
 11
-5.69298
 21
55.88
 31
0.0
  0
LINE
  5
34922
  8
GUIDE1
 10
5.64702
 20
56.12
 30
0.0
 11
5.64702
 21
62.88
 31
0.0
  0
LINE
  5
34923
  8
GUIDE1
 10
5.10702
 20
56.12
 30
0.0
 11
5.10702
 21
62.88
 31
0.0
  0
LINE
  5
34924
  8
GUIDE1
 10
4.56702
 20
56.12
 30
0.0
 11
4.56702
 21
62.88
 31
0.0
  0
LINE
  5
34925
  8
GUIDE1
 10
4.02702
 20
56.12
 30
0.0
 11
4.02702
 21
62.88
 31
0.0
  0
LINE
  5
34926
  8
GUIDE1
 10
3.48702
 20
56.12
 30
0.0
 11
3.48702
 21
62.88
 31
0.0
  0
LINE
  5
34927
  8
GUIDE1
 10
2.94702
 20
56.12
 30
0.0
 11
2.94702
 21
62.88
 31
0.0
  0
LINE
  5
34928
  8
GUIDE1
 10
2.40702
 20
56.12
 30
0.0
 11
2.40702
 21
62.88
 31
0.0
  0
LINE
  5
34929
  8
GUIDE1
 10
1.86702
 20
56.12
 30
0.0
 11
1.86702
 21
62.88
 31
0.0
  0
LINE
  5
3492A
  8
GUIDE1
 10
1.32702
 20
56.12
 30
0.0
 11
1.32702
 21
62.88
 31
0.0
  0
LINE
  5
3492B
  8
GUIDE1
 10
0.78702
 20
56.12
 30
0.0
 11
0.78702
 21
62.88
 31
0.0
  0
LINE
  5
3492C
  8
GUIDE1
 10
0.24702
 20
56.12
 30
0.0
 11
0.24702
 21
62.88
 31
0.0
  0
LINE
  5
3492D
  8
GUIDE1
 10
-0.29298
 20
56.12
 30
0.0
 11
-0.29298
 21
62.88
 31
0.0
  0
LINE
  5
3492E
  8
GUIDE1
 10
-0.83298
 20
56.12
 30
0.0
 11
-0.83298
 21
62.88
 31
0.0
  0
LINE
  5
3492F
  8
GUIDE1
 10
-1.37298
 20
56.12
 30
0.0
 11
-1.37298
 21
62.88
 31
0.0
  0
LINE
  5
34930
  8
GUIDE1
 10
-1.91298
 20
56.12
 30
0.0
 11
-1.91298
 21
62.88
 31
0.0
  0
LINE
  5
34931
  8
GUIDE1
 10
-2.45298
 20
56.12
 30
0.0
 11
-2.45298
 21
62.88
 31
0.0
  0
LINE
  5
34932
  8
GUIDE1
 10
-2.99298
 20
56.12
 30
0.0
 11
-2.99298
 21
62.88
 31
0.0
  0
LINE
  5
34933
  8
GUIDE1
 10
-3.53298
 20
56.12
 30
0.0
 11
-3.53298
 21
62.88
 31
0.0
  0
LINE
  5
34934
  8
GUIDE1
 10
-4.07298
 20
56.12
 30
0.0
 11
-4.07298
 21
62.88
 31
0.0
  0
LINE
  5
34935
  8
GUIDE1
 10
-4.61298
 20
56.12
 30
0.0
 11
-4.61298
 21
62.88
 31
0.0
  0
LINE
  5
34936
  8
GUIDE1
 10
-5.15298
 20
56.12
 30
0.0
 11
-5.15298
 21
62.88
 31
0.0
  0
LINE
  5
34937
  8
GUIDE1
 10
-5.69298
 20
56.12
 30
0.0
 11
-5.69298
 21
62.88
 31
0.0
  0
LINE
  5
34938
  8
GUIDE1
 10
5.64702
 20
63.12
 30
0.0
 11
5.64702
 21
69.88
 31
0.0
  0
LINE
  5
34939
  8
GUIDE1
 10
5.10702
 20
63.12
 30
0.0
 11
5.10702
 21
69.88
 31
0.0
  0
LINE
  5
3493A
  8
GUIDE1
 10
4.56702
 20
63.12
 30
0.0
 11
4.56702
 21
69.88
 31
0.0
  0
LINE
  5
3493B
  8
GUIDE1
 10
4.02702
 20
63.12
 30
0.0
 11
4.02702
 21
69.88
 31
0.0
  0
LINE
  5
3493C
  8
GUIDE1
 10
3.48702
 20
63.12
 30
0.0
 11
3.48702
 21
69.88
 31
0.0
  0
LINE
  5
3493D
  8
GUIDE1
 10
2.94702
 20
63.12
 30
0.0
 11
2.94702
 21
69.88
 31
0.0
  0
LINE
  5
3493E
  8
GUIDE1
 10
2.40702
 20
63.12
 30
0.0
 11
2.40702
 21
69.88
 31
0.0
  0
LINE
  5
3493F
  8
GUIDE1
 10
1.86702
 20
63.12
 30
0.0
 11
1.86702
 21
69.88
 31
0.0
  0
LINE
  5
34940
  8
GUIDE1
 10
1.32702
 20
63.12
 30
0.0
 11
1.32702
 21
69.88
 31
0.0
  0
LINE
  5
34941
  8
GUIDE1
 10
0.78702
 20
63.12
 30
0.0
 11
0.78702
 21
69.88
 31
0.0
  0
LINE
  5
34942
  8
GUIDE1
 10
0.24702
 20
63.12
 30
0.0
 11
0.24702
 21
69.88
 31
0.0
  0
LINE
  5
34943
  8
GUIDE1
 10
-0.29298
 20
63.12
 30
0.0
 11
-0.29298
 21
69.88
 31
0.0
  0
LINE
  5
34944
  8
GUIDE1
 10
-0.83298
 20
63.12
 30
0.0
 11
-0.83298
 21
69.88
 31
0.0
  0
LINE
  5
34945
  8
GUIDE1
 10
-1.37298
 20
63.12
 30
0.0
 11
-1.37298
 21
69.88
 31
0.0
  0
LINE
  5
34946
  8
GUIDE1
 10
-1.91298
 20
63.12
 30
0.0
 11
-1.91298
 21
69.88
 31
0.0
  0
LINE
  5
34947
  8
GUIDE1
 10
-2.45298
 20
63.12
 30
0.0
 11
-2.45298
 21
69.88
 31
0.0
  0
LINE
  5
34948
  8
GUIDE1
 10
-2.99298
 20
63.12
 30
0.0
 11
-2.99298
 21
69.88
 31
0.0
  0
LINE
  5
34949
  8
GUIDE1
 10
-3.53298
 20
63.12
 30
0.0
 11
-3.53298
 21
69.88
 31
0.0
  0
LINE
  5
3494A
  8
GUIDE1
 10
-4.07298
 20
63.12
 30
0.0
 11
-4.07298
 21
69.88
 31
0.0
  0
LINE
  5
3494B
  8
GUIDE1
 10
-4.61298
 20
63.12
 30
0.0
 11
-4.61298
 21
69.88
 31
0.0
  0
LINE
  5
3494C
  8
GUIDE1
 10
-5.15298
 20
63.12
 30
0.0
 11
-5.15298
 21
69.88
 31
0.0
  0
LINE
  5
3494D
  8
GUIDE1
 10
-5.69298
 20
63.12
 30
0.0
 11
-5.69298
 21
69.88
 31
0.0
  0
LINE
  5
3494E
  8
GUIDE1
 10
5.64702
 20
70.12
 30
0.0
 11
5.64702
 21
76.88
 31
0.0
  0
LINE
  5
3494F
  8
GUIDE1
 10
5.10702
 20
70.12
 30
0.0
 11
5.10702
 21
76.88
 31
0.0
  0
LINE
  5
34950
  8
GUIDE1
 10
4.56702
 20
70.12
 30
0.0
 11
4.56702
 21
76.88
 31
0.0
  0
LINE
  5
34951
  8
GUIDE1
 10
4.02702
 20
70.12
 30
0.0
 11
4.02702
 21
76.88
 31
0.0
  0
LINE
  5
34952
  8
GUIDE1
 10
3.48702
 20
70.12
 30
0.0
 11
3.48702
 21
76.88
 31
0.0
  0
LINE
  5
34953
  8
GUIDE1
 10
2.94702
 20
70.12
 30
0.0
 11
2.94702
 21
76.88
 31
0.0
  0
LINE
  5
34954
  8
GUIDE1
 10
2.40702
 20
70.12
 30
0.0
 11
2.40702
 21
76.88
 31
0.0
  0
LINE
  5
34955
  8
GUIDE1
 10
1.86702
 20
70.12
 30
0.0
 11
1.86702
 21
76.88
 31
0.0
  0
LINE
  5
34956
  8
GUIDE1
 10
1.32702
 20
70.12
 30
0.0
 11
1.32702
 21
76.88
 31
0.0
  0
LINE
  5
34957
  8
GUIDE1
 10
0.78702
 20
70.12
 30
0.0
 11
0.78702
 21
76.88
 31
0.0
  0
LINE
  5
34958
  8
GUIDE1
 10
0.24702
 20
70.12
 30
0.0
 11
0.24702
 21
76.88
 31
0.0
  0
LINE
  5
34959
  8
GUIDE1
 10
-0.29298
 20
70.12
 30
0.0
 11
-0.29298
 21
76.88
 31
0.0
  0
LINE
  5
3495A
  8
GUIDE1
 10
-0.83298
 20
70.12
 30
0.0
 11
-0.83298
 21
76.88
 31
0.0
  0
LINE
  5
3495B
  8
GUIDE1
 10
-1.37298
 20
70.12
 30
0.0
 11
-1.37298
 21
76.88
 31
0.0
  0
LINE
  5
3495C
  8
GUIDE1
 10
-1.91298
 20
70.12
 30
0.0
 11
-1.91298
 21
76.88
 31
0.0
  0
LINE
  5
3495D
  8
GUIDE1
 10
-2.45298
 20
70.12
 30
0.0
 11
-2.45298
 21
76.88
 31
0.0
  0
LINE
  5
3495E
  8
GUIDE1
 10
-2.99298
 20
70.12
 30
0.0
 11
-2.99298
 21
76.88
 31
0.0
  0
LINE
  5
3495F
  8
GUIDE1
 10
-3.53298
 20
70.12
 30
0.0
 11
-3.53298
 21
76.88
 31
0.0
  0
LINE
  5
34960
  8
GUIDE1
 10
-4.07298
 20
70.12
 30
0.0
 11
-4.07298
 21
76.88
 31
0.0
  0
LINE
  5
34961
  8
GUIDE1
 10
-4.61298
 20
70.12
 30
0.0
 11
-4.61298
 21
76.88
 31
0.0
  0
LINE
  5
34962
  8
GUIDE1
 10
-5.15298
 20
70.12
 30
0.0
 11
-5.15298
 21
76.88
 31
0.0
  0
LINE
  5
34963
  8
GUIDE1
 10
-5.69298
 20
70.12
 30
0.0
 11
-5.69298
 21
76.88
 31
0.0
  0
LINE
  5
34964
  8
GUIDE1
 10
5.91702
 20
-73.38
 30
0.0
 11
5.91702
 21
-66.62
 31
0.0
  0
LINE
  5
34965
  8
GUIDE1
 10
5.37702
 20
-73.38
 30
0.0
 11
5.37702
 21
-66.62
 31
0.0
  0
LINE
  5
34966
  8
GUIDE1
 10
4.83702
 20
-73.38
 30
0.0
 11
4.83702
 21
-66.62
 31
0.0
  0
LINE
  5
34967
  8
GUIDE1
 10
4.29702
 20
-73.38
 30
0.0
 11
4.29702
 21
-66.62
 31
0.0
  0
LINE
  5
34968
  8
GUIDE1
 10
3.75702
 20
-73.38
 30
0.0
 11
3.75702
 21
-66.62
 31
0.0
  0
LINE
  5
34969
  8
GUIDE1
 10
3.21702
 20
-73.38
 30
0.0
 11
3.21702
 21
-66.62
 31
0.0
  0
LINE
  5
3496A
  8
GUIDE1
 10
2.67702
 20
-73.38
 30
0.0
 11
2.67702
 21
-66.62
 31
0.0
  0
LINE
  5
3496B
  8
GUIDE1
 10
2.13702
 20
-73.38
 30
0.0
 11
2.13702
 21
-66.62
 31
0.0
  0
LINE
  5
3496C
  8
GUIDE1
 10
1.59702
 20
-73.38
 30
0.0
 11
1.59702
 21
-66.62
 31
0.0
  0
LINE
  5
3496D
  8
GUIDE1
 10
1.05702
 20
-73.38
 30
0.0
 11
1.05702
 21
-66.62
 31
0.0
  0
LINE
  5
3496E
  8
GUIDE1
 10
0.51702
 20
-73.38
 30
0.0
 11
0.51702
 21
-66.62
 31
0.0
  0
LINE
  5
3496F
  8
GUIDE1
 10
-0.02298
 20
-73.38
 30
0.0
 11
-0.02298
 21
-66.62
 31
0.0
  0
LINE
  5
34970
  8
GUIDE1
 10
-0.56298
 20
-73.38
 30
0.0
 11
-0.56298
 21
-66.62
 31
0.0
  0
LINE
  5
34971
  8
GUIDE1
 10
-1.10298
 20
-73.38
 30
0.0
 11
-1.10298
 21
-66.62
 31
0.0
  0
LINE
  5
34972
  8
GUIDE1
 10
-1.64298
 20
-73.38
 30
0.0
 11
-1.64298
 21
-66.62
 31
0.0
  0
LINE
  5
34973
  8
GUIDE1
 10
-2.18298
 20
-73.38
 30
0.0
 11
-2.18298
 21
-66.62
 31
0.0
  0
LINE
  5
34974
  8
GUIDE1
 10
-2.72298
 20
-73.38
 30
0.0
 11
-2.72298
 21
-66.62
 31
0.0
  0
LINE
  5
34975
  8
GUIDE1
 10
-3.26298
 20
-73.38
 30
0.0
 11
-3.26298
 21
-66.62
 31
0.0
  0
LINE
  5
34976
  8
GUIDE1
 10
-3.80298
 20
-73.38
 30
0.0
 11
-3.80298
 21
-66.62
 31
0.0
  0
LINE
  5
34977
  8
GUIDE1
 10
-4.34298
 20
-73.38
 30
0.0
 11
-4.34298
 21
-66.62
 31
0.0
  0
LINE
  5
34978
  8
GUIDE1
 10
-4.88298
 20
-73.38
 30
0.0
 11
-4.88298
 21
-66.62
 31
0.0
  0
LINE
  5
34979
  8
GUIDE1
 10
-5.42298
 20
-73.38
 30
0.0
 11
-5.42298
 21
-66.62
 31
0.0
  0
LINE
  5
3497A
  8
GUIDE1
 10
-5.96298
 20
-73.38
 30
0.0
 11
-5.96298
 21
-66.62
 31
0.0
  0
LINE
  5
3497B
  8
GUIDE1
 10
5.91702
 20
-66.38
 30
0.0
 11
5.91702
 21
-59.62
 31
0.0
  0
LINE
  5
3497C
  8
GUIDE1
 10
5.37702
 20
-66.38
 30
0.0
 11
5.37702
 21
-59.62
 31
0.0
  0
LINE
  5
3497D
  8
GUIDE1
 10
4.83702
 20
-66.38
 30
0.0
 11
4.83702
 21
-59.62
 31
0.0
  0
LINE
  5
3497E
  8
GUIDE1
 10
4.29702
 20
-66.38
 30
0.0
 11
4.29702
 21
-59.62
 31
0.0
  0
LINE
  5
3497F
  8
GUIDE1
 10
3.75702
 20
-66.38
 30
0.0
 11
3.75702
 21
-59.62
 31
0.0
  0
LINE
  5
34980
  8
GUIDE1
 10
3.21702
 20
-66.38
 30
0.0
 11
3.21702
 21
-59.62
 31
0.0
  0
LINE
  5
34981
  8
GUIDE1
 10
2.67702
 20
-66.38
 30
0.0
 11
2.67702
 21
-59.62
 31
0.0
  0
LINE
  5
34982
  8
GUIDE1
 10
2.13702
 20
-66.38
 30
0.0
 11
2.13702
 21
-59.62
 31
0.0
  0
LINE
  5
34983
  8
GUIDE1
 10
1.59702
 20
-66.38
 30
0.0
 11
1.59702
 21
-59.62
 31
0.0
  0
LINE
  5
34984
  8
GUIDE1
 10
1.05702
 20
-66.38
 30
0.0
 11
1.05702
 21
-59.62
 31
0.0
  0
LINE
  5
34985
  8
GUIDE1
 10
0.51702
 20
-66.38
 30
0.0
 11
0.51702
 21
-59.62
 31
0.0
  0
LINE
  5
34986
  8
GUIDE1
 10
-0.02298
 20
-66.38
 30
0.0
 11
-0.02298
 21
-59.62
 31
0.0
  0
LINE
  5
34987
  8
GUIDE1
 10
-0.56298
 20
-66.38
 30
0.0
 11
-0.56298
 21
-59.62
 31
0.0
  0
LINE
  5
34988
  8
GUIDE1
 10
-1.10298
 20
-66.38
 30
0.0
 11
-1.10298
 21
-59.62
 31
0.0
  0
LINE
  5
34989
  8
GUIDE1
 10
-1.64298
 20
-66.38
 30
0.0
 11
-1.64298
 21
-59.62
 31
0.0
  0
LINE
  5
3498A
  8
GUIDE1
 10
-2.18298
 20
-66.38
 30
0.0
 11
-2.18298
 21
-59.62
 31
0.0
  0
LINE
  5
3498B
  8
GUIDE1
 10
-2.72298
 20
-66.38
 30
0.0
 11
-2.72298
 21
-59.62
 31
0.0
  0
LINE
  5
3498C
  8
GUIDE1
 10
-3.26298
 20
-66.38
 30
0.0
 11
-3.26298
 21
-59.62
 31
0.0
  0
LINE
  5
3498D
  8
GUIDE1
 10
-3.80298
 20
-66.38
 30
0.0
 11
-3.80298
 21
-59.62
 31
0.0
  0
LINE
  5
3498E
  8
GUIDE1
 10
-4.34298
 20
-66.38
 30
0.0
 11
-4.34298
 21
-59.62
 31
0.0
  0
LINE
  5
3498F
  8
GUIDE1
 10
-4.88298
 20
-66.38
 30
0.0
 11
-4.88298
 21
-59.62
 31
0.0
  0
LINE
  5
34990
  8
GUIDE1
 10
-5.42298
 20
-66.38
 30
0.0
 11
-5.42298
 21
-59.62
 31
0.0
  0
LINE
  5
34991
  8
GUIDE1
 10
-5.96298
 20
-66.38
 30
0.0
 11
-5.96298
 21
-59.62
 31
0.0
  0
LINE
  5
34992
  8
GUIDE1
 10
5.91702
 20
-59.38
 30
0.0
 11
5.91702
 21
-52.62
 31
0.0
  0
LINE
  5
34993
  8
GUIDE1
 10
5.37702
 20
-59.38
 30
0.0
 11
5.37702
 21
-52.62
 31
0.0
  0
LINE
  5
34994
  8
GUIDE1
 10
4.83702
 20
-59.38
 30
0.0
 11
4.83702
 21
-52.62
 31
0.0
  0
LINE
  5
34995
  8
GUIDE1
 10
4.29702
 20
-59.38
 30
0.0
 11
4.29702
 21
-52.62
 31
0.0
  0
LINE
  5
34996
  8
GUIDE1
 10
3.75702
 20
-59.38
 30
0.0
 11
3.75702
 21
-52.62
 31
0.0
  0
LINE
  5
34997
  8
GUIDE1
 10
3.21702
 20
-59.38
 30
0.0
 11
3.21702
 21
-52.62
 31
0.0
  0
LINE
  5
34998
  8
GUIDE1
 10
2.67702
 20
-59.38
 30
0.0
 11
2.67702
 21
-52.62
 31
0.0
  0
LINE
  5
34999
  8
GUIDE1
 10
2.13702
 20
-59.38
 30
0.0
 11
2.13702
 21
-52.62
 31
0.0
  0
LINE
  5
3499A
  8
GUIDE1
 10
1.59702
 20
-59.38
 30
0.0
 11
1.59702
 21
-52.62
 31
0.0
  0
LINE
  5
3499B
  8
GUIDE1
 10
1.05702
 20
-59.38
 30
0.0
 11
1.05702
 21
-52.62
 31
0.0
  0
LINE
  5
3499C
  8
GUIDE1
 10
0.51702
 20
-59.38
 30
0.0
 11
0.51702
 21
-52.62
 31
0.0
  0
LINE
  5
3499D
  8
GUIDE1
 10
-0.02298
 20
-59.38
 30
0.0
 11
-0.02298
 21
-52.62
 31
0.0
  0
LINE
  5
3499E
  8
GUIDE1
 10
-0.56298
 20
-59.38
 30
0.0
 11
-0.56298
 21
-52.62
 31
0.0
  0
LINE
  5
3499F
  8
GUIDE1
 10
-1.10298
 20
-59.38
 30
0.0
 11
-1.10298
 21
-52.62
 31
0.0
  0
LINE
  5
349A0
  8
GUIDE1
 10
-1.64298
 20
-59.38
 30
0.0
 11
-1.64298
 21
-52.62
 31
0.0
  0
LINE
  5
349A1
  8
GUIDE1
 10
-2.18298
 20
-59.38
 30
0.0
 11
-2.18298
 21
-52.62
 31
0.0
  0
LINE
  5
349A2
  8
GUIDE1
 10
-2.72298
 20
-59.38
 30
0.0
 11
-2.72298
 21
-52.62
 31
0.0
  0
LINE
  5
349A3
  8
GUIDE1
 10
-3.26298
 20
-59.38
 30
0.0
 11
-3.26298
 21
-52.62
 31
0.0
  0
LINE
  5
349A4
  8
GUIDE1
 10
-3.80298
 20
-59.38
 30
0.0
 11
-3.80298
 21
-52.62
 31
0.0
  0
LINE
  5
349A5
  8
GUIDE1
 10
-4.34298
 20
-59.38
 30
0.0
 11
-4.34298
 21
-52.62
 31
0.0
  0
LINE
  5
349A6
  8
GUIDE1
 10
-4.88298
 20
-59.38
 30
0.0
 11
-4.88298
 21
-52.62
 31
0.0
  0
LINE
  5
349A7
  8
GUIDE1
 10
-5.42298
 20
-59.38
 30
0.0
 11
-5.42298
 21
-52.62
 31
0.0
  0
LINE
  5
349A8
  8
GUIDE1
 10
-5.96298
 20
-59.38
 30
0.0
 11
-5.96298
 21
-52.62
 31
0.0
  0
LINE
  5
349A9
  8
GUIDE1
 10
5.91702
 20
-52.38
 30
0.0
 11
5.91702
 21
-45.62
 31
0.0
  0
LINE
  5
349AA
  8
GUIDE1
 10
5.37702
 20
-52.38
 30
0.0
 11
5.37702
 21
-45.62
 31
0.0
  0
LINE
  5
349AB
  8
GUIDE1
 10
4.83702
 20
-52.38
 30
0.0
 11
4.83702
 21
-45.62
 31
0.0
  0
LINE
  5
349AC
  8
GUIDE1
 10
4.29702
 20
-52.38
 30
0.0
 11
4.29702
 21
-45.62
 31
0.0
  0
LINE
  5
349AD
  8
GUIDE1
 10
3.75702
 20
-52.38
 30
0.0
 11
3.75702
 21
-45.62
 31
0.0
  0
LINE
  5
349AE
  8
GUIDE1
 10
3.21702
 20
-52.38
 30
0.0
 11
3.21702
 21
-45.62
 31
0.0
  0
LINE
  5
349AF
  8
GUIDE1
 10
2.67702
 20
-52.38
 30
0.0
 11
2.67702
 21
-45.62
 31
0.0
  0
LINE
  5
349B0
  8
GUIDE1
 10
2.13702
 20
-52.38
 30
0.0
 11
2.13702
 21
-45.62
 31
0.0
  0
LINE
  5
349B1
  8
GUIDE1
 10
1.59702
 20
-52.38
 30
0.0
 11
1.59702
 21
-45.62
 31
0.0
  0
LINE
  5
349B2
  8
GUIDE1
 10
1.05702
 20
-52.38
 30
0.0
 11
1.05702
 21
-45.62
 31
0.0
  0
LINE
  5
349B3
  8
GUIDE1
 10
0.51702
 20
-52.38
 30
0.0
 11
0.51702
 21
-45.62
 31
0.0
  0
LINE
  5
349B4
  8
GUIDE1
 10
-0.02298
 20
-52.38
 30
0.0
 11
-0.02298
 21
-45.62
 31
0.0
  0
LINE
  5
349B5
  8
GUIDE1
 10
-0.56298
 20
-52.38
 30
0.0
 11
-0.56298
 21
-45.62
 31
0.0
  0
LINE
  5
349B6
  8
GUIDE1
 10
-1.10298
 20
-52.38
 30
0.0
 11
-1.10298
 21
-45.62
 31
0.0
  0
LINE
  5
349B7
  8
GUIDE1
 10
-1.64298
 20
-52.38
 30
0.0
 11
-1.64298
 21
-45.62
 31
0.0
  0
LINE
  5
349B8
  8
GUIDE1
 10
-2.18298
 20
-52.38
 30
0.0
 11
-2.18298
 21
-45.62
 31
0.0
  0
LINE
  5
349B9
  8
GUIDE1
 10
-2.72298
 20
-52.38
 30
0.0
 11
-2.72298
 21
-45.62
 31
0.0
  0
LINE
  5
349BA
  8
GUIDE1
 10
-3.26298
 20
-52.38
 30
0.0
 11
-3.26298
 21
-45.62
 31
0.0
  0
LINE
  5
349BB
  8
GUIDE1
 10
-3.80298
 20
-52.38
 30
0.0
 11
-3.80298
 21
-45.62
 31
0.0
  0
LINE
  5
349BC
  8
GUIDE1
 10
-4.34298
 20
-52.38
 30
0.0
 11
-4.34298
 21
-45.62
 31
0.0
  0
LINE
  5
349BD
  8
GUIDE1
 10
-4.88298
 20
-52.38
 30
0.0
 11
-4.88298
 21
-45.62
 31
0.0
  0
LINE
  5
349BE
  8
GUIDE1
 10
-5.42298
 20
-52.38
 30
0.0
 11
-5.42298
 21
-45.62
 31
0.0
  0
LINE
  5
349BF
  8
GUIDE1
 10
-5.96298
 20
-52.38
 30
0.0
 11
-5.96298
 21
-45.62
 31
0.0
  0
LINE
  5
349C0
  8
GUIDE1
 10
5.91702
 20
-45.38
 30
0.0
 11
5.91702
 21
-38.62
 31
0.0
  0
LINE
  5
349C1
  8
GUIDE1
 10
5.37702
 20
-45.38
 30
0.0
 11
5.37702
 21
-38.62
 31
0.0
  0
LINE
  5
349C2
  8
GUIDE1
 10
4.83702
 20
-45.38
 30
0.0
 11
4.83702
 21
-38.62
 31
0.0
  0
LINE
  5
349C3
  8
GUIDE1
 10
4.29702
 20
-45.38
 30
0.0
 11
4.29702
 21
-38.62
 31
0.0
  0
LINE
  5
349C4
  8
GUIDE1
 10
3.75702
 20
-45.38
 30
0.0
 11
3.75702
 21
-38.62
 31
0.0
  0
LINE
  5
349C5
  8
GUIDE1
 10
3.21702
 20
-45.38
 30
0.0
 11
3.21702
 21
-38.62
 31
0.0
  0
LINE
  5
349C6
  8
GUIDE1
 10
2.67702
 20
-45.38
 30
0.0
 11
2.67702
 21
-38.62
 31
0.0
  0
LINE
  5
349C7
  8
GUIDE1
 10
2.13702
 20
-45.38
 30
0.0
 11
2.13702
 21
-38.62
 31
0.0
  0
LINE
  5
349C8
  8
GUIDE1
 10
1.59702
 20
-45.38
 30
0.0
 11
1.59702
 21
-38.62
 31
0.0
  0
LINE
  5
349C9
  8
GUIDE1
 10
1.05702
 20
-45.38
 30
0.0
 11
1.05702
 21
-38.62
 31
0.0
  0
LINE
  5
349CA
  8
GUIDE1
 10
0.51702
 20
-45.38
 30
0.0
 11
0.51702
 21
-38.62
 31
0.0
  0
LINE
  5
349CB
  8
GUIDE1
 10
-0.02298
 20
-45.38
 30
0.0
 11
-0.02298
 21
-38.62
 31
0.0
  0
LINE
  5
349CC
  8
GUIDE1
 10
-0.56298
 20
-45.38
 30
0.0
 11
-0.56298
 21
-38.62
 31
0.0
  0
LINE
  5
349CD
  8
GUIDE1
 10
-1.10298
 20
-45.38
 30
0.0
 11
-1.10298
 21
-38.62
 31
0.0
  0
LINE
  5
349CE
  8
GUIDE1
 10
-1.64298
 20
-45.38
 30
0.0
 11
-1.64298
 21
-38.62
 31
0.0
  0
LINE
  5
349CF
  8
GUIDE1
 10
-2.18298
 20
-45.38
 30
0.0
 11
-2.18298
 21
-38.62
 31
0.0
  0
LINE
  5
349D0
  8
GUIDE1
 10
-2.72298
 20
-45.38
 30
0.0
 11
-2.72298
 21
-38.62
 31
0.0
  0
LINE
  5
349D1
  8
GUIDE1
 10
-3.26298
 20
-45.38
 30
0.0
 11
-3.26298
 21
-38.62
 31
0.0
  0
LINE
  5
349D2
  8
GUIDE1
 10
-3.80298
 20
-45.38
 30
0.0
 11
-3.80298
 21
-38.62
 31
0.0
  0
LINE
  5
349D3
  8
GUIDE1
 10
-4.34298
 20
-45.38
 30
0.0
 11
-4.34298
 21
-38.62
 31
0.0
  0
LINE
  5
349D4
  8
GUIDE1
 10
-4.88298
 20
-45.38
 30
0.0
 11
-4.88298
 21
-38.62
 31
0.0
  0
LINE
  5
349D5
  8
GUIDE1
 10
-5.42298
 20
-45.38
 30
0.0
 11
-5.42298
 21
-38.62
 31
0.0
  0
LINE
  5
349D6
  8
GUIDE1
 10
-5.96298
 20
-45.38
 30
0.0
 11
-5.96298
 21
-38.62
 31
0.0
  0
LINE
  5
349D7
  8
GUIDE1
 10
5.91702
 20
-38.38
 30
0.0
 11
5.91702
 21
-31.62
 31
0.0
  0
LINE
  5
349D8
  8
GUIDE1
 10
5.37702
 20
-38.38
 30
0.0
 11
5.37702
 21
-31.62
 31
0.0
  0
LINE
  5
349D9
  8
GUIDE1
 10
4.83702
 20
-38.38
 30
0.0
 11
4.83702
 21
-31.62
 31
0.0
  0
LINE
  5
349DA
  8
GUIDE1
 10
4.29702
 20
-38.38
 30
0.0
 11
4.29702
 21
-31.62
 31
0.0
  0
LINE
  5
349DB
  8
GUIDE1
 10
3.75702
 20
-38.38
 30
0.0
 11
3.75702
 21
-31.62
 31
0.0
  0
LINE
  5
349DC
  8
GUIDE1
 10
3.21702
 20
-38.38
 30
0.0
 11
3.21702
 21
-31.62
 31
0.0
  0
LINE
  5
349DD
  8
GUIDE1
 10
2.67702
 20
-38.38
 30
0.0
 11
2.67702
 21
-31.62
 31
0.0
  0
LINE
  5
349DE
  8
GUIDE1
 10
2.13702
 20
-38.38
 30
0.0
 11
2.13702
 21
-31.62
 31
0.0
  0
LINE
  5
349DF
  8
GUIDE1
 10
1.59702
 20
-38.38
 30
0.0
 11
1.59702
 21
-31.62
 31
0.0
  0
LINE
  5
349E0
  8
GUIDE1
 10
1.05702
 20
-38.38
 30
0.0
 11
1.05702
 21
-31.62
 31
0.0
  0
LINE
  5
349E1
  8
GUIDE1
 10
0.51702
 20
-38.38
 30
0.0
 11
0.51702
 21
-31.62
 31
0.0
  0
LINE
  5
349E2
  8
GUIDE1
 10
-0.02298
 20
-38.38
 30
0.0
 11
-0.02298
 21
-31.62
 31
0.0
  0
LINE
  5
349E3
  8
GUIDE1
 10
-0.56298
 20
-38.38
 30
0.0
 11
-0.56298
 21
-31.62
 31
0.0
  0
LINE
  5
349E4
  8
GUIDE1
 10
-1.10298
 20
-38.38
 30
0.0
 11
-1.10298
 21
-31.62
 31
0.0
  0
LINE
  5
349E5
  8
GUIDE1
 10
-1.64298
 20
-38.38
 30
0.0
 11
-1.64298
 21
-31.62
 31
0.0
  0
LINE
  5
349E6
  8
GUIDE1
 10
-2.18298
 20
-38.38
 30
0.0
 11
-2.18298
 21
-31.62
 31
0.0
  0
LINE
  5
349E7
  8
GUIDE1
 10
-2.72298
 20
-38.38
 30
0.0
 11
-2.72298
 21
-31.62
 31
0.0
  0
LINE
  5
349E8
  8
GUIDE1
 10
-3.26298
 20
-38.38
 30
0.0
 11
-3.26298
 21
-31.62
 31
0.0
  0
LINE
  5
349E9
  8
GUIDE1
 10
-3.80298
 20
-38.38
 30
0.0
 11
-3.80298
 21
-31.62
 31
0.0
  0
LINE
  5
349EA
  8
GUIDE1
 10
-4.34298
 20
-38.38
 30
0.0
 11
-4.34298
 21
-31.62
 31
0.0
  0
LINE
  5
349EB
  8
GUIDE1
 10
-4.88298
 20
-38.38
 30
0.0
 11
-4.88298
 21
-31.62
 31
0.0
  0
LINE
  5
349EC
  8
GUIDE1
 10
-5.42298
 20
-38.38
 30
0.0
 11
-5.42298
 21
-31.62
 31
0.0
  0
LINE
  5
349ED
  8
GUIDE1
 10
-5.96298
 20
-38.38
 30
0.0
 11
-5.96298
 21
-31.62
 31
0.0
  0
LINE
  5
349EE
  8
GUIDE1
 10
5.91702
 20
-31.38
 30
0.0
 11
5.91702
 21
-24.62
 31
0.0
  0
LINE
  5
349EF
  8
GUIDE1
 10
5.37702
 20
-31.38
 30
0.0
 11
5.37702
 21
-24.62
 31
0.0
  0
LINE
  5
349F0
  8
GUIDE1
 10
4.83702
 20
-31.38
 30
0.0
 11
4.83702
 21
-24.62
 31
0.0
  0
LINE
  5
349F1
  8
GUIDE1
 10
4.29702
 20
-31.38
 30
0.0
 11
4.29702
 21
-24.62
 31
0.0
  0
LINE
  5
349F2
  8
GUIDE1
 10
3.75702
 20
-31.38
 30
0.0
 11
3.75702
 21
-24.62
 31
0.0
  0
LINE
  5
349F3
  8
GUIDE1
 10
3.21702
 20
-31.38
 30
0.0
 11
3.21702
 21
-24.62
 31
0.0
  0
LINE
  5
349F4
  8
GUIDE1
 10
2.67702
 20
-31.38
 30
0.0
 11
2.67702
 21
-24.62
 31
0.0
  0
LINE
  5
349F5
  8
GUIDE1
 10
2.13702
 20
-31.38
 30
0.0
 11
2.13702
 21
-24.62
 31
0.0
  0
LINE
  5
349F6
  8
GUIDE1
 10
1.59702
 20
-31.38
 30
0.0
 11
1.59702
 21
-24.62
 31
0.0
  0
LINE
  5
349F7
  8
GUIDE1
 10
1.05702
 20
-31.38
 30
0.0
 11
1.05702
 21
-24.62
 31
0.0
  0
LINE
  5
349F8
  8
GUIDE1
 10
0.51702
 20
-31.38
 30
0.0
 11
0.51702
 21
-24.62
 31
0.0
  0
LINE
  5
349F9
  8
GUIDE1
 10
-0.02298
 20
-31.38
 30
0.0
 11
-0.02298
 21
-24.62
 31
0.0
  0
LINE
  5
349FA
  8
GUIDE1
 10
-0.56298
 20
-31.38
 30
0.0
 11
-0.56298
 21
-24.62
 31
0.0
  0
LINE
  5
349FB
  8
GUIDE1
 10
-1.10298
 20
-31.38
 30
0.0
 11
-1.10298
 21
-24.62
 31
0.0
  0
LINE
  5
349FC
  8
GUIDE1
 10
-1.64298
 20
-31.38
 30
0.0
 11
-1.64298
 21
-24.62
 31
0.0
  0
LINE
  5
349FD
  8
GUIDE1
 10
-2.18298
 20
-31.38
 30
0.0
 11
-2.18298
 21
-24.62
 31
0.0
  0
LINE
  5
349FE
  8
GUIDE1
 10
-2.72298
 20
-31.38
 30
0.0
 11
-2.72298
 21
-24.62
 31
0.0
  0
LINE
  5
349FF
  8
GUIDE1
 10
-3.26298
 20
-31.38
 30
0.0
 11
-3.26298
 21
-24.62
 31
0.0
  0
LINE
  5
34A00
  8
GUIDE1
 10
-3.80298
 20
-31.38
 30
0.0
 11
-3.80298
 21
-24.62
 31
0.0
  0
LINE
  5
34A01
  8
GUIDE1
 10
-4.34298
 20
-31.38
 30
0.0
 11
-4.34298
 21
-24.62
 31
0.0
  0
LINE
  5
34A02
  8
GUIDE1
 10
-4.88298
 20
-31.38
 30
0.0
 11
-4.88298
 21
-24.62
 31
0.0
  0
LINE
  5
34A03
  8
GUIDE1
 10
-5.42298
 20
-31.38
 30
0.0
 11
-5.42298
 21
-24.62
 31
0.0
  0
LINE
  5
34A04
  8
GUIDE1
 10
-5.96298
 20
-31.38
 30
0.0
 11
-5.96298
 21
-24.62
 31
0.0
  0
LINE
  5
34A05
  8
GUIDE1
 10
5.91702
 20
-24.38
 30
0.0
 11
5.91702
 21
-17.62
 31
0.0
  0
LINE
  5
34A06
  8
GUIDE1
 10
5.37702
 20
-24.38
 30
0.0
 11
5.37702
 21
-17.62
 31
0.0
  0
LINE
  5
34A07
  8
GUIDE1
 10
4.83702
 20
-24.38
 30
0.0
 11
4.83702
 21
-17.62
 31
0.0
  0
LINE
  5
34A08
  8
GUIDE1
 10
4.29702
 20
-24.38
 30
0.0
 11
4.29702
 21
-17.62
 31
0.0
  0
LINE
  5
34A09
  8
GUIDE1
 10
3.75702
 20
-24.38
 30
0.0
 11
3.75702
 21
-17.62
 31
0.0
  0
LINE
  5
34A0A
  8
GUIDE1
 10
3.21702
 20
-24.38
 30
0.0
 11
3.21702
 21
-17.62
 31
0.0
  0
LINE
  5
34A0B
  8
GUIDE1
 10
2.67702
 20
-24.38
 30
0.0
 11
2.67702
 21
-17.62
 31
0.0
  0
LINE
  5
34A0C
  8
GUIDE1
 10
2.13702
 20
-24.38
 30
0.0
 11
2.13702
 21
-17.62
 31
0.0
  0
LINE
  5
34A0D
  8
GUIDE1
 10
1.59702
 20
-24.38
 30
0.0
 11
1.59702
 21
-17.62
 31
0.0
  0
LINE
  5
34A0E
  8
GUIDE1
 10
1.05702
 20
-24.38
 30
0.0
 11
1.05702
 21
-17.62
 31
0.0
  0
LINE
  5
34A0F
  8
GUIDE1
 10
0.51702
 20
-24.38
 30
0.0
 11
0.51702
 21
-17.62
 31
0.0
  0
LINE
  5
34A10
  8
GUIDE1
 10
-0.02298
 20
-24.38
 30
0.0
 11
-0.02298
 21
-17.62
 31
0.0
  0
LINE
  5
34A11
  8
GUIDE1
 10
-0.56298
 20
-24.38
 30
0.0
 11
-0.56298
 21
-17.62
 31
0.0
  0
LINE
  5
34A12
  8
GUIDE1
 10
-1.10298
 20
-24.38
 30
0.0
 11
-1.10298
 21
-17.62
 31
0.0
  0
LINE
  5
34A13
  8
GUIDE1
 10
-1.64298
 20
-24.38
 30
0.0
 11
-1.64298
 21
-17.62
 31
0.0
  0
LINE
  5
34A14
  8
GUIDE1
 10
-2.18298
 20
-24.38
 30
0.0
 11
-2.18298
 21
-17.62
 31
0.0
  0
LINE
  5
34A15
  8
GUIDE1
 10
-2.72298
 20
-24.38
 30
0.0
 11
-2.72298
 21
-17.62
 31
0.0
  0
LINE
  5
34A16
  8
GUIDE1
 10
-3.26298
 20
-24.38
 30
0.0
 11
-3.26298
 21
-17.62
 31
0.0
  0
LINE
  5
34A17
  8
GUIDE1
 10
-3.80298
 20
-24.38
 30
0.0
 11
-3.80298
 21
-17.62
 31
0.0
  0
LINE
  5
34A18
  8
GUIDE1
 10
-4.34298
 20
-24.38
 30
0.0
 11
-4.34298
 21
-17.62
 31
0.0
  0
LINE
  5
34A19
  8
GUIDE1
 10
-4.88298
 20
-24.38
 30
0.0
 11
-4.88298
 21
-17.62
 31
0.0
  0
LINE
  5
34A1A
  8
GUIDE1
 10
-5.42298
 20
-24.38
 30
0.0
 11
-5.42298
 21
-17.62
 31
0.0
  0
LINE
  5
34A1B
  8
GUIDE1
 10
-5.96298
 20
-24.38
 30
0.0
 11
-5.96298
 21
-17.62
 31
0.0
  0
LINE
  5
34A1C
  8
GUIDE1
 10
5.91702
 20
-17.38
 30
0.0
 11
5.91702
 21
-10.62
 31
0.0
  0
LINE
  5
34A1D
  8
GUIDE1
 10
5.37702
 20
-17.38
 30
0.0
 11
5.37702
 21
-10.62
 31
0.0
  0
LINE
  5
34A1E
  8
GUIDE1
 10
4.83702
 20
-17.38
 30
0.0
 11
4.83702
 21
-10.62
 31
0.0
  0
LINE
  5
34A1F
  8
GUIDE1
 10
4.29702
 20
-17.38
 30
0.0
 11
4.29702
 21
-10.62
 31
0.0
  0
LINE
  5
34A20
  8
GUIDE1
 10
3.75702
 20
-17.38
 30
0.0
 11
3.75702
 21
-10.62
 31
0.0
  0
LINE
  5
34A21
  8
GUIDE1
 10
3.21702
 20
-17.38
 30
0.0
 11
3.21702
 21
-10.62
 31
0.0
  0
LINE
  5
34A22
  8
GUIDE1
 10
2.67702
 20
-17.38
 30
0.0
 11
2.67702
 21
-10.62
 31
0.0
  0
LINE
  5
34A23
  8
GUIDE1
 10
2.13702
 20
-17.38
 30
0.0
 11
2.13702
 21
-10.62
 31
0.0
  0
LINE
  5
34A24
  8
GUIDE1
 10
1.59702
 20
-17.38
 30
0.0
 11
1.59702
 21
-10.62
 31
0.0
  0
LINE
  5
34A25
  8
GUIDE1
 10
1.05702
 20
-17.38
 30
0.0
 11
1.05702
 21
-10.62
 31
0.0
  0
LINE
  5
34A26
  8
GUIDE1
 10
0.51702
 20
-17.38
 30
0.0
 11
0.51702
 21
-10.62
 31
0.0
  0
LINE
  5
34A27
  8
GUIDE1
 10
-0.02298
 20
-17.38
 30
0.0
 11
-0.02298
 21
-10.62
 31
0.0
  0
LINE
  5
34A28
  8
GUIDE1
 10
-0.56298
 20
-17.38
 30
0.0
 11
-0.56298
 21
-10.62
 31
0.0
  0
LINE
  5
34A29
  8
GUIDE1
 10
-1.10298
 20
-17.38
 30
0.0
 11
-1.10298
 21
-10.62
 31
0.0
  0
LINE
  5
34A2A
  8
GUIDE1
 10
-1.64298
 20
-17.38
 30
0.0
 11
-1.64298
 21
-10.62
 31
0.0
  0
LINE
  5
34A2B
  8
GUIDE1
 10
-2.18298
 20
-17.38
 30
0.0
 11
-2.18298
 21
-10.62
 31
0.0
  0
LINE
  5
34A2C
  8
GUIDE1
 10
-2.72298
 20
-17.38
 30
0.0
 11
-2.72298
 21
-10.62
 31
0.0
  0
LINE
  5
34A2D
  8
GUIDE1
 10
-3.26298
 20
-17.38
 30
0.0
 11
-3.26298
 21
-10.62
 31
0.0
  0
LINE
  5
34A2E
  8
GUIDE1
 10
-3.80298
 20
-17.38
 30
0.0
 11
-3.80298
 21
-10.62
 31
0.0
  0
LINE
  5
34A2F
  8
GUIDE1
 10
-4.34298
 20
-17.38
 30
0.0
 11
-4.34298
 21
-10.62
 31
0.0
  0
LINE
  5
34A30
  8
GUIDE1
 10
-4.88298
 20
-17.38
 30
0.0
 11
-4.88298
 21
-10.62
 31
0.0
  0
LINE
  5
34A31
  8
GUIDE1
 10
-5.42298
 20
-17.38
 30
0.0
 11
-5.42298
 21
-10.62
 31
0.0
  0
LINE
  5
34A32
  8
GUIDE1
 10
-5.96298
 20
-17.38
 30
0.0
 11
-5.96298
 21
-10.62
 31
0.0
  0
LINE
  5
34A33
  8
GUIDE1
 10
5.91702
 20
-10.38
 30
0.0
 11
5.91702
 21
-3.62
 31
0.0
  0
LINE
  5
34A34
  8
GUIDE1
 10
5.37702
 20
-10.38
 30
0.0
 11
5.37702
 21
-3.62
 31
0.0
  0
LINE
  5
34A35
  8
GUIDE1
 10
4.83702
 20
-10.38
 30
0.0
 11
4.83702
 21
-3.62
 31
0.0
  0
LINE
  5
34A36
  8
GUIDE1
 10
4.29702
 20
-10.38
 30
0.0
 11
4.29702
 21
-3.62
 31
0.0
  0
LINE
  5
34A37
  8
GUIDE1
 10
3.75702
 20
-10.38
 30
0.0
 11
3.75702
 21
-3.62
 31
0.0
  0
LINE
  5
34A38
  8
GUIDE1
 10
3.21702
 20
-10.38
 30
0.0
 11
3.21702
 21
-3.62
 31
0.0
  0
LINE
  5
34A39
  8
GUIDE1
 10
2.67702
 20
-10.38
 30
0.0
 11
2.67702
 21
-3.62
 31
0.0
  0
LINE
  5
34A3A
  8
GUIDE1
 10
2.13702
 20
-10.38
 30
0.0
 11
2.13702
 21
-3.62
 31
0.0
  0
LINE
  5
34A3B
  8
GUIDE1
 10
1.59702
 20
-10.38
 30
0.0
 11
1.59702
 21
-3.62
 31
0.0
  0
LINE
  5
34A3C
  8
GUIDE1
 10
1.05702
 20
-10.38
 30
0.0
 11
1.05702
 21
-3.62
 31
0.0
  0
LINE
  5
34A3D
  8
GUIDE1
 10
0.51702
 20
-10.38
 30
0.0
 11
0.51702
 21
-3.62
 31
0.0
  0
LINE
  5
34A3E
  8
GUIDE1
 10
-0.02298
 20
-10.38
 30
0.0
 11
-0.02298
 21
-3.62
 31
0.0
  0
LINE
  5
34A3F
  8
GUIDE1
 10
-0.56298
 20
-10.38
 30
0.0
 11
-0.56298
 21
-3.62
 31
0.0
  0
LINE
  5
34A40
  8
GUIDE1
 10
-1.10298
 20
-10.38
 30
0.0
 11
-1.10298
 21
-3.62
 31
0.0
  0
LINE
  5
34A41
  8
GUIDE1
 10
-1.64298
 20
-10.38
 30
0.0
 11
-1.64298
 21
-3.62
 31
0.0
  0
LINE
  5
34A42
  8
GUIDE1
 10
-2.18298
 20
-10.38
 30
0.0
 11
-2.18298
 21
-3.62
 31
0.0
  0
LINE
  5
34A43
  8
GUIDE1
 10
-2.72298
 20
-10.38
 30
0.0
 11
-2.72298
 21
-3.62
 31
0.0
  0
LINE
  5
34A44
  8
GUIDE1
 10
-3.26298
 20
-10.38
 30
0.0
 11
-3.26298
 21
-3.62
 31
0.0
  0
LINE
  5
34A45
  8
GUIDE1
 10
-3.80298
 20
-10.38
 30
0.0
 11
-3.80298
 21
-3.62
 31
0.0
  0
LINE
  5
34A46
  8
GUIDE1
 10
-4.34298
 20
-10.38
 30
0.0
 11
-4.34298
 21
-3.62
 31
0.0
  0
LINE
  5
34A47
  8
GUIDE1
 10
-4.88298
 20
-10.38
 30
0.0
 11
-4.88298
 21
-3.62
 31
0.0
  0
LINE
  5
34A48
  8
GUIDE1
 10
-5.42298
 20
-10.38
 30
0.0
 11
-5.42298
 21
-3.62
 31
0.0
  0
LINE
  5
34A49
  8
GUIDE1
 10
-5.96298
 20
-10.38
 30
0.0
 11
-5.96298
 21
-3.62
 31
0.0
  0
LINE
  5
34A4A
  8
GUIDE1
 10
5.91702
 20
-3.38
 30
0.0
 11
5.91702
 21
3.38
 31
0.0
  0
LINE
  5
34A4B
  8
GUIDE1
 10
5.37702
 20
-3.38
 30
0.0
 11
5.37702
 21
3.38
 31
0.0
  0
LINE
  5
34A4C
  8
GUIDE1
 10
4.83702
 20
-3.38
 30
0.0
 11
4.83702
 21
3.38
 31
0.0
  0
LINE
  5
34A4D
  8
GUIDE1
 10
4.29702
 20
-3.38
 30
0.0
 11
4.29702
 21
3.38
 31
0.0
  0
LINE
  5
34A4E
  8
GUIDE1
 10
3.75702
 20
-3.38
 30
0.0
 11
3.75702
 21
3.38
 31
0.0
  0
LINE
  5
34A4F
  8
GUIDE1
 10
3.21702
 20
-3.38
 30
0.0
 11
3.21702
 21
3.38
 31
0.0
  0
LINE
  5
34A50
  8
GUIDE1
 10
2.67702
 20
-3.38
 30
0.0
 11
2.67702
 21
3.38
 31
0.0
  0
LINE
  5
34A51
  8
GUIDE1
 10
2.13702
 20
-3.38
 30
0.0
 11
2.13702
 21
3.38
 31
0.0
  0
LINE
  5
34A52
  8
GUIDE1
 10
1.59702
 20
-3.38
 30
0.0
 11
1.59702
 21
3.38
 31
0.0
  0
LINE
  5
34A53
  8
GUIDE1
 10
1.05702
 20
-3.38
 30
0.0
 11
1.05702
 21
3.38
 31
0.0
  0
LINE
  5
34A54
  8
GUIDE1
 10
0.51702
 20
-3.38
 30
0.0
 11
0.51702
 21
3.38
 31
0.0
  0
LINE
  5
34A55
  8
GUIDE1
 10
-0.02298
 20
-3.38
 30
0.0
 11
-0.02298
 21
3.38
 31
0.0
  0
LINE
  5
34A56
  8
GUIDE1
 10
-0.56298
 20
-3.38
 30
0.0
 11
-0.56298
 21
3.38
 31
0.0
  0
LINE
  5
34A57
  8
GUIDE1
 10
-1.10298
 20
-3.38
 30
0.0
 11
-1.10298
 21
3.38
 31
0.0
  0
LINE
  5
34A58
  8
GUIDE1
 10
-1.64298
 20
-3.38
 30
0.0
 11
-1.64298
 21
3.38
 31
0.0
  0
LINE
  5
34A59
  8
GUIDE1
 10
-2.18298
 20
-3.38
 30
0.0
 11
-2.18298
 21
3.38
 31
0.0
  0
LINE
  5
34A5A
  8
GUIDE1
 10
-2.72298
 20
-3.38
 30
0.0
 11
-2.72298
 21
3.38
 31
0.0
  0
LINE
  5
34A5B
  8
GUIDE1
 10
-3.26298
 20
-3.38
 30
0.0
 11
-3.26298
 21
3.38
 31
0.0
  0
LINE
  5
34A5C
  8
GUIDE1
 10
-3.80298
 20
-3.38
 30
0.0
 11
-3.80298
 21
3.38
 31
0.0
  0
LINE
  5
34A5D
  8
GUIDE1
 10
-4.34298
 20
-3.38
 30
0.0
 11
-4.34298
 21
3.38
 31
0.0
  0
LINE
  5
34A5E
  8
GUIDE1
 10
-4.88298
 20
-3.38
 30
0.0
 11
-4.88298
 21
3.38
 31
0.0
  0
LINE
  5
34A5F
  8
GUIDE1
 10
-5.42298
 20
-3.38
 30
0.0
 11
-5.42298
 21
3.38
 31
0.0
  0
LINE
  5
34A60
  8
GUIDE1
 10
-5.96298
 20
-3.38
 30
0.0
 11
-5.96298
 21
3.38
 31
0.0
  0
LINE
  5
34A61
  8
GUIDE1
 10
5.91702
 20
3.62
 30
0.0
 11
5.91702
 21
10.38
 31
0.0
  0
LINE
  5
34A62
  8
GUIDE1
 10
5.37702
 20
3.62
 30
0.0
 11
5.37702
 21
10.38
 31
0.0
  0
LINE
  5
34A63
  8
GUIDE1
 10
4.83702
 20
3.62
 30
0.0
 11
4.83702
 21
10.38
 31
0.0
  0
LINE
  5
34A64
  8
GUIDE1
 10
4.29702
 20
3.62
 30
0.0
 11
4.29702
 21
10.38
 31
0.0
  0
LINE
  5
34A65
  8
GUIDE1
 10
3.75702
 20
3.62
 30
0.0
 11
3.75702
 21
10.38
 31
0.0
  0
LINE
  5
34A66
  8
GUIDE1
 10
3.21702
 20
3.62
 30
0.0
 11
3.21702
 21
10.38
 31
0.0
  0
LINE
  5
34A67
  8
GUIDE1
 10
2.67702
 20
3.62
 30
0.0
 11
2.67702
 21
10.38
 31
0.0
  0
LINE
  5
34A68
  8
GUIDE1
 10
2.13702
 20
3.62
 30
0.0
 11
2.13702
 21
10.38
 31
0.0
  0
LINE
  5
34A69
  8
GUIDE1
 10
1.59702
 20
3.62
 30
0.0
 11
1.59702
 21
10.38
 31
0.0
  0
LINE
  5
34A6A
  8
GUIDE1
 10
1.05702
 20
3.62
 30
0.0
 11
1.05702
 21
10.38
 31
0.0
  0
LINE
  5
34A6B
  8
GUIDE1
 10
0.51702
 20
3.62
 30
0.0
 11
0.51702
 21
10.38
 31
0.0
  0
LINE
  5
34A6C
  8
GUIDE1
 10
-0.02298
 20
3.62
 30
0.0
 11
-0.02298
 21
10.38
 31
0.0
  0
LINE
  5
34A6D
  8
GUIDE1
 10
-0.56298
 20
3.62
 30
0.0
 11
-0.56298
 21
10.38
 31
0.0
  0
LINE
  5
34A6E
  8
GUIDE1
 10
-1.10298
 20
3.62
 30
0.0
 11
-1.10298
 21
10.38
 31
0.0
  0
LINE
  5
34A6F
  8
GUIDE1
 10
-1.64298
 20
3.62
 30
0.0
 11
-1.64298
 21
10.38
 31
0.0
  0
LINE
  5
34A70
  8
GUIDE1
 10
-2.18298
 20
3.62
 30
0.0
 11
-2.18298
 21
10.38
 31
0.0
  0
LINE
  5
34A71
  8
GUIDE1
 10
-2.72298
 20
3.62
 30
0.0
 11
-2.72298
 21
10.38
 31
0.0
  0
LINE
  5
34A72
  8
GUIDE1
 10
-3.26298
 20
3.62
 30
0.0
 11
-3.26298
 21
10.38
 31
0.0
  0
LINE
  5
34A73
  8
GUIDE1
 10
-3.80298
 20
3.62
 30
0.0
 11
-3.80298
 21
10.38
 31
0.0
  0
LINE
  5
34A74
  8
GUIDE1
 10
-4.34298
 20
3.62
 30
0.0
 11
-4.34298
 21
10.38
 31
0.0
  0
LINE
  5
34A75
  8
GUIDE1
 10
-4.88298
 20
3.62
 30
0.0
 11
-4.88298
 21
10.38
 31
0.0
  0
LINE
  5
34A76
  8
GUIDE1
 10
-5.42298
 20
3.62
 30
0.0
 11
-5.42298
 21
10.38
 31
0.0
  0
LINE
  5
34A77
  8
GUIDE1
 10
-5.96298
 20
3.62
 30
0.0
 11
-5.96298
 21
10.38
 31
0.0
  0
LINE
  5
34A78
  8
GUIDE1
 10
5.91702
 20
10.62
 30
0.0
 11
5.91702
 21
17.38
 31
0.0
  0
LINE
  5
34A79
  8
GUIDE1
 10
5.37702
 20
10.62
 30
0.0
 11
5.37702
 21
17.38
 31
0.0
  0
LINE
  5
34A7A
  8
GUIDE1
 10
4.83702
 20
10.62
 30
0.0
 11
4.83702
 21
17.38
 31
0.0
  0
LINE
  5
34A7B
  8
GUIDE1
 10
4.29702
 20
10.62
 30
0.0
 11
4.29702
 21
17.38
 31
0.0
  0
LINE
  5
34A7C
  8
GUIDE1
 10
3.75702
 20
10.62
 30
0.0
 11
3.75702
 21
17.38
 31
0.0
  0
LINE
  5
34A7D
  8
GUIDE1
 10
3.21702
 20
10.62
 30
0.0
 11
3.21702
 21
17.38
 31
0.0
  0
LINE
  5
34A7E
  8
GUIDE1
 10
2.67702
 20
10.62
 30
0.0
 11
2.67702
 21
17.38
 31
0.0
  0
LINE
  5
34A7F
  8
GUIDE1
 10
2.13702
 20
10.62
 30
0.0
 11
2.13702
 21
17.38
 31
0.0
  0
LINE
  5
34A80
  8
GUIDE1
 10
1.59702
 20
10.62
 30
0.0
 11
1.59702
 21
17.38
 31
0.0
  0
LINE
  5
34A81
  8
GUIDE1
 10
1.05702
 20
10.62
 30
0.0
 11
1.05702
 21
17.38
 31
0.0
  0
LINE
  5
34A82
  8
GUIDE1
 10
0.51702
 20
10.62
 30
0.0
 11
0.51702
 21
17.38
 31
0.0
  0
LINE
  5
34A83
  8
GUIDE1
 10
-0.02298
 20
10.62
 30
0.0
 11
-0.02298
 21
17.38
 31
0.0
  0
LINE
  5
34A84
  8
GUIDE1
 10
-0.56298
 20
10.62
 30
0.0
 11
-0.56298
 21
17.38
 31
0.0
  0
LINE
  5
34A85
  8
GUIDE1
 10
-1.10298
 20
10.62
 30
0.0
 11
-1.10298
 21
17.38
 31
0.0
  0
LINE
  5
34A86
  8
GUIDE1
 10
-1.64298
 20
10.62
 30
0.0
 11
-1.64298
 21
17.38
 31
0.0
  0
LINE
  5
34A87
  8
GUIDE1
 10
-2.18298
 20
10.62
 30
0.0
 11
-2.18298
 21
17.38
 31
0.0
  0
LINE
  5
34A88
  8
GUIDE1
 10
-2.72298
 20
10.62
 30
0.0
 11
-2.72298
 21
17.38
 31
0.0
  0
LINE
  5
34A89
  8
GUIDE1
 10
-3.26298
 20
10.62
 30
0.0
 11
-3.26298
 21
17.38
 31
0.0
  0
LINE
  5
34A8A
  8
GUIDE1
 10
-3.80298
 20
10.62
 30
0.0
 11
-3.80298
 21
17.38
 31
0.0
  0
LINE
  5
34A8B
  8
GUIDE1
 10
-4.34298
 20
10.62
 30
0.0
 11
-4.34298
 21
17.38
 31
0.0
  0
LINE
  5
34A8C
  8
GUIDE1
 10
-4.88298
 20
10.62
 30
0.0
 11
-4.88298
 21
17.38
 31
0.0
  0
LINE
  5
34A8D
  8
GUIDE1
 10
-5.42298
 20
10.62
 30
0.0
 11
-5.42298
 21
17.38
 31
0.0
  0
LINE
  5
34A8E
  8
GUIDE1
 10
-5.96298
 20
10.62
 30
0.0
 11
-5.96298
 21
17.38
 31
0.0
  0
LINE
  5
34A8F
  8
GUIDE1
 10
5.91702
 20
17.62
 30
0.0
 11
5.91702
 21
24.38
 31
0.0
  0
LINE
  5
34A90
  8
GUIDE1
 10
5.37702
 20
17.62
 30
0.0
 11
5.37702
 21
24.38
 31
0.0
  0
LINE
  5
34A91
  8
GUIDE1
 10
4.83702
 20
17.62
 30
0.0
 11
4.83702
 21
24.38
 31
0.0
  0
LINE
  5
34A92
  8
GUIDE1
 10
4.29702
 20
17.62
 30
0.0
 11
4.29702
 21
24.38
 31
0.0
  0
LINE
  5
34A93
  8
GUIDE1
 10
3.75702
 20
17.62
 30
0.0
 11
3.75702
 21
24.38
 31
0.0
  0
LINE
  5
34A94
  8
GUIDE1
 10
3.21702
 20
17.62
 30
0.0
 11
3.21702
 21
24.38
 31
0.0
  0
LINE
  5
34A95
  8
GUIDE1
 10
2.67702
 20
17.62
 30
0.0
 11
2.67702
 21
24.38
 31
0.0
  0
LINE
  5
34A96
  8
GUIDE1
 10
2.13702
 20
17.62
 30
0.0
 11
2.13702
 21
24.38
 31
0.0
  0
LINE
  5
34A97
  8
GUIDE1
 10
1.59702
 20
17.62
 30
0.0
 11
1.59702
 21
24.38
 31
0.0
  0
LINE
  5
34A98
  8
GUIDE1
 10
1.05702
 20
17.62
 30
0.0
 11
1.05702
 21
24.38
 31
0.0
  0
LINE
  5
34A99
  8
GUIDE1
 10
0.51702
 20
17.62
 30
0.0
 11
0.51702
 21
24.38
 31
0.0
  0
LINE
  5
34A9A
  8
GUIDE1
 10
-0.02298
 20
17.62
 30
0.0
 11
-0.02298
 21
24.38
 31
0.0
  0
LINE
  5
34A9B
  8
GUIDE1
 10
-0.56298
 20
17.62
 30
0.0
 11
-0.56298
 21
24.38
 31
0.0
  0
LINE
  5
34A9C
  8
GUIDE1
 10
-1.10298
 20
17.62
 30
0.0
 11
-1.10298
 21
24.38
 31
0.0
  0
LINE
  5
34A9D
  8
GUIDE1
 10
-1.64298
 20
17.62
 30
0.0
 11
-1.64298
 21
24.38
 31
0.0
  0
LINE
  5
34A9E
  8
GUIDE1
 10
-2.18298
 20
17.62
 30
0.0
 11
-2.18298
 21
24.38
 31
0.0
  0
LINE
  5
34A9F
  8
GUIDE1
 10
-2.72298
 20
17.62
 30
0.0
 11
-2.72298
 21
24.38
 31
0.0
  0
LINE
  5
34AA0
  8
GUIDE1
 10
-3.26298
 20
17.62
 30
0.0
 11
-3.26298
 21
24.38
 31
0.0
  0
LINE
  5
34AA1
  8
GUIDE1
 10
-3.80298
 20
17.62
 30
0.0
 11
-3.80298
 21
24.38
 31
0.0
  0
LINE
  5
34AA2
  8
GUIDE1
 10
-4.34298
 20
17.62
 30
0.0
 11
-4.34298
 21
24.38
 31
0.0
  0
LINE
  5
34AA3
  8
GUIDE1
 10
-4.88298
 20
17.62
 30
0.0
 11
-4.88298
 21
24.38
 31
0.0
  0
LINE
  5
34AA4
  8
GUIDE1
 10
-5.42298
 20
17.62
 30
0.0
 11
-5.42298
 21
24.38
 31
0.0
  0
LINE
  5
34AA5
  8
GUIDE1
 10
-5.96298
 20
17.62
 30
0.0
 11
-5.96298
 21
24.38
 31
0.0
  0
LINE
  5
34AA6
  8
GUIDE1
 10
5.91702
 20
24.62
 30
0.0
 11
5.91702
 21
31.38
 31
0.0
  0
LINE
  5
34AA7
  8
GUIDE1
 10
5.37702
 20
24.62
 30
0.0
 11
5.37702
 21
31.38
 31
0.0
  0
LINE
  5
34AA8
  8
GUIDE1
 10
4.83702
 20
24.62
 30
0.0
 11
4.83702
 21
31.38
 31
0.0
  0
LINE
  5
34AA9
  8
GUIDE1
 10
4.29702
 20
24.62
 30
0.0
 11
4.29702
 21
31.38
 31
0.0
  0
LINE
  5
34AAA
  8
GUIDE1
 10
3.75702
 20
24.62
 30
0.0
 11
3.75702
 21
31.38
 31
0.0
  0
LINE
  5
34AAB
  8
GUIDE1
 10
3.21702
 20
24.62
 30
0.0
 11
3.21702
 21
31.38
 31
0.0
  0
LINE
  5
34AAC
  8
GUIDE1
 10
2.67702
 20
24.62
 30
0.0
 11
2.67702
 21
31.38
 31
0.0
  0
LINE
  5
34AAD
  8
GUIDE1
 10
2.13702
 20
24.62
 30
0.0
 11
2.13702
 21
31.38
 31
0.0
  0
LINE
  5
34AAE
  8
GUIDE1
 10
1.59702
 20
24.62
 30
0.0
 11
1.59702
 21
31.38
 31
0.0
  0
LINE
  5
34AAF
  8
GUIDE1
 10
1.05702
 20
24.62
 30
0.0
 11
1.05702
 21
31.38
 31
0.0
  0
LINE
  5
34AB0
  8
GUIDE1
 10
0.51702
 20
24.62
 30
0.0
 11
0.51702
 21
31.38
 31
0.0
  0
LINE
  5
34AB1
  8
GUIDE1
 10
-0.02298
 20
24.62
 30
0.0
 11
-0.02298
 21
31.38
 31
0.0
  0
LINE
  5
34AB2
  8
GUIDE1
 10
-0.56298
 20
24.62
 30
0.0
 11
-0.56298
 21
31.38
 31
0.0
  0
LINE
  5
34AB3
  8
GUIDE1
 10
-1.10298
 20
24.62
 30
0.0
 11
-1.10298
 21
31.38
 31
0.0
  0
LINE
  5
34AB4
  8
GUIDE1
 10
-1.64298
 20
24.62
 30
0.0
 11
-1.64298
 21
31.38
 31
0.0
  0
LINE
  5
34AB5
  8
GUIDE1
 10
-2.18298
 20
24.62
 30
0.0
 11
-2.18298
 21
31.38
 31
0.0
  0
LINE
  5
34AB6
  8
GUIDE1
 10
-2.72298
 20
24.62
 30
0.0
 11
-2.72298
 21
31.38
 31
0.0
  0
LINE
  5
34AB7
  8
GUIDE1
 10
-3.26298
 20
24.62
 30
0.0
 11
-3.26298
 21
31.38
 31
0.0
  0
LINE
  5
34AB8
  8
GUIDE1
 10
-3.80298
 20
24.62
 30
0.0
 11
-3.80298
 21
31.38
 31
0.0
  0
LINE
  5
34AB9
  8
GUIDE1
 10
-4.34298
 20
24.62
 30
0.0
 11
-4.34298
 21
31.38
 31
0.0
  0
LINE
  5
34ABA
  8
GUIDE1
 10
-4.88298
 20
24.62
 30
0.0
 11
-4.88298
 21
31.38
 31
0.0
  0
LINE
  5
34ABB
  8
GUIDE1
 10
-5.42298
 20
24.62
 30
0.0
 11
-5.42298
 21
31.38
 31
0.0
  0
LINE
  5
34ABC
  8
GUIDE1
 10
-5.96298
 20
24.62
 30
0.0
 11
-5.96298
 21
31.38
 31
0.0
  0
LINE
  5
34ABD
  8
GUIDE1
 10
5.91702
 20
31.62
 30
0.0
 11
5.91702
 21
38.38
 31
0.0
  0
LINE
  5
34ABE
  8
GUIDE1
 10
5.37702
 20
31.62
 30
0.0
 11
5.37702
 21
38.38
 31
0.0
  0
LINE
  5
34ABF
  8
GUIDE1
 10
4.83702
 20
31.62
 30
0.0
 11
4.83702
 21
38.38
 31
0.0
  0
LINE
  5
34AC0
  8
GUIDE1
 10
4.29702
 20
31.62
 30
0.0
 11
4.29702
 21
38.38
 31
0.0
  0
LINE
  5
34AC1
  8
GUIDE1
 10
3.75702
 20
31.62
 30
0.0
 11
3.75702
 21
38.38
 31
0.0
  0
LINE
  5
34AC2
  8
GUIDE1
 10
3.21702
 20
31.62
 30
0.0
 11
3.21702
 21
38.38
 31
0.0
  0
LINE
  5
34AC3
  8
GUIDE1
 10
2.67702
 20
31.62
 30
0.0
 11
2.67702
 21
38.38
 31
0.0
  0
LINE
  5
34AC4
  8
GUIDE1
 10
2.13702
 20
31.62
 30
0.0
 11
2.13702
 21
38.38
 31
0.0
  0
LINE
  5
34AC5
  8
GUIDE1
 10
1.59702
 20
31.62
 30
0.0
 11
1.59702
 21
38.38
 31
0.0
  0
LINE
  5
34AC6
  8
GUIDE1
 10
1.05702
 20
31.62
 30
0.0
 11
1.05702
 21
38.38
 31
0.0
  0
LINE
  5
34AC7
  8
GUIDE1
 10
0.51702
 20
31.62
 30
0.0
 11
0.51702
 21
38.38
 31
0.0
  0
LINE
  5
34AC8
  8
GUIDE1
 10
-0.02298
 20
31.62
 30
0.0
 11
-0.02298
 21
38.38
 31
0.0
  0
LINE
  5
34AC9
  8
GUIDE1
 10
-0.56298
 20
31.62
 30
0.0
 11
-0.56298
 21
38.38
 31
0.0
  0
LINE
  5
34ACA
  8
GUIDE1
 10
-1.10298
 20
31.62
 30
0.0
 11
-1.10298
 21
38.38
 31
0.0
  0
LINE
  5
34ACB
  8
GUIDE1
 10
-1.64298
 20
31.62
 30
0.0
 11
-1.64298
 21
38.38
 31
0.0
  0
LINE
  5
34ACC
  8
GUIDE1
 10
-2.18298
 20
31.62
 30
0.0
 11
-2.18298
 21
38.38
 31
0.0
  0
LINE
  5
34ACD
  8
GUIDE1
 10
-2.72298
 20
31.62
 30
0.0
 11
-2.72298
 21
38.38
 31
0.0
  0
LINE
  5
34ACE
  8
GUIDE1
 10
-3.26298
 20
31.62
 30
0.0
 11
-3.26298
 21
38.38
 31
0.0
  0
LINE
  5
34ACF
  8
GUIDE1
 10
-3.80298
 20
31.62
 30
0.0
 11
-3.80298
 21
38.38
 31
0.0
  0
LINE
  5
34AD0
  8
GUIDE1
 10
-4.34298
 20
31.62
 30
0.0
 11
-4.34298
 21
38.38
 31
0.0
  0
LINE
  5
34AD1
  8
GUIDE1
 10
-4.88298
 20
31.62
 30
0.0
 11
-4.88298
 21
38.38
 31
0.0
  0
LINE
  5
34AD2
  8
GUIDE1
 10
-5.42298
 20
31.62
 30
0.0
 11
-5.42298
 21
38.38
 31
0.0
  0
LINE
  5
34AD3
  8
GUIDE1
 10
-5.96298
 20
31.62
 30
0.0
 11
-5.96298
 21
38.38
 31
0.0
  0
LINE
  5
34AD4
  8
GUIDE1
 10
5.91702
 20
38.62
 30
0.0
 11
5.91702
 21
45.38
 31
0.0
  0
LINE
  5
34AD5
  8
GUIDE1
 10
5.37702
 20
38.62
 30
0.0
 11
5.37702
 21
45.38
 31
0.0
  0
LINE
  5
34AD6
  8
GUIDE1
 10
4.83702
 20
38.62
 30
0.0
 11
4.83702
 21
45.38
 31
0.0
  0
LINE
  5
34AD7
  8
GUIDE1
 10
4.29702
 20
38.62
 30
0.0
 11
4.29702
 21
45.38
 31
0.0
  0
LINE
  5
34AD8
  8
GUIDE1
 10
3.75702
 20
38.62
 30
0.0
 11
3.75702
 21
45.38
 31
0.0
  0
LINE
  5
34AD9
  8
GUIDE1
 10
3.21702
 20
38.62
 30
0.0
 11
3.21702
 21
45.38
 31
0.0
  0
LINE
  5
34ADA
  8
GUIDE1
 10
2.67702
 20
38.62
 30
0.0
 11
2.67702
 21
45.38
 31
0.0
  0
LINE
  5
34ADB
  8
GUIDE1
 10
2.13702
 20
38.62
 30
0.0
 11
2.13702
 21
45.38
 31
0.0
  0
LINE
  5
34ADC
  8
GUIDE1
 10
1.59702
 20
38.62
 30
0.0
 11
1.59702
 21
45.38
 31
0.0
  0
LINE
  5
34ADD
  8
GUIDE1
 10
1.05702
 20
38.62
 30
0.0
 11
1.05702
 21
45.38
 31
0.0
  0
LINE
  5
34ADE
  8
GUIDE1
 10
0.51702
 20
38.62
 30
0.0
 11
0.51702
 21
45.38
 31
0.0
  0
LINE
  5
34ADF
  8
GUIDE1
 10
-0.02298
 20
38.62
 30
0.0
 11
-0.02298
 21
45.38
 31
0.0
  0
LINE
  5
34AE0
  8
GUIDE1
 10
-0.56298
 20
38.62
 30
0.0
 11
-0.56298
 21
45.38
 31
0.0
  0
LINE
  5
34AE1
  8
GUIDE1
 10
-1.10298
 20
38.62
 30
0.0
 11
-1.10298
 21
45.38
 31
0.0
  0
LINE
  5
34AE2
  8
GUIDE1
 10
-1.64298
 20
38.62
 30
0.0
 11
-1.64298
 21
45.38
 31
0.0
  0
LINE
  5
34AE3
  8
GUIDE1
 10
-2.18298
 20
38.62
 30
0.0
 11
-2.18298
 21
45.38
 31
0.0
  0
LINE
  5
34AE4
  8
GUIDE1
 10
-2.72298
 20
38.62
 30
0.0
 11
-2.72298
 21
45.38
 31
0.0
  0
LINE
  5
34AE5
  8
GUIDE1
 10
-3.26298
 20
38.62
 30
0.0
 11
-3.26298
 21
45.38
 31
0.0
  0
LINE
  5
34AE6
  8
GUIDE1
 10
-3.80298
 20
38.62
 30
0.0
 11
-3.80298
 21
45.38
 31
0.0
  0
LINE
  5
34AE7
  8
GUIDE1
 10
-4.34298
 20
38.62
 30
0.0
 11
-4.34298
 21
45.38
 31
0.0
  0
LINE
  5
34AE8
  8
GUIDE1
 10
-4.88298
 20
38.62
 30
0.0
 11
-4.88298
 21
45.38
 31
0.0
  0
LINE
  5
34AE9
  8
GUIDE1
 10
-5.42298
 20
38.62
 30
0.0
 11
-5.42298
 21
45.38
 31
0.0
  0
LINE
  5
34AEA
  8
GUIDE1
 10
-5.96298
 20
38.62
 30
0.0
 11
-5.96298
 21
45.38
 31
0.0
  0
LINE
  5
34AEB
  8
GUIDE1
 10
5.91702
 20
45.62
 30
0.0
 11
5.91702
 21
52.38
 31
0.0
  0
LINE
  5
34AEC
  8
GUIDE1
 10
5.37702
 20
45.62
 30
0.0
 11
5.37702
 21
52.38
 31
0.0
  0
LINE
  5
34AED
  8
GUIDE1
 10
4.83702
 20
45.62
 30
0.0
 11
4.83702
 21
52.38
 31
0.0
  0
LINE
  5
34AEE
  8
GUIDE1
 10
4.29702
 20
45.62
 30
0.0
 11
4.29702
 21
52.38
 31
0.0
  0
LINE
  5
34AEF
  8
GUIDE1
 10
3.75702
 20
45.62
 30
0.0
 11
3.75702
 21
52.38
 31
0.0
  0
LINE
  5
34AF0
  8
GUIDE1
 10
3.21702
 20
45.62
 30
0.0
 11
3.21702
 21
52.38
 31
0.0
  0
LINE
  5
34AF1
  8
GUIDE1
 10
2.67702
 20
45.62
 30
0.0
 11
2.67702
 21
52.38
 31
0.0
  0
LINE
  5
34AF2
  8
GUIDE1
 10
2.13702
 20
45.62
 30
0.0
 11
2.13702
 21
52.38
 31
0.0
  0
LINE
  5
34AF3
  8
GUIDE1
 10
1.59702
 20
45.62
 30
0.0
 11
1.59702
 21
52.38
 31
0.0
  0
LINE
  5
34AF4
  8
GUIDE1
 10
1.05702
 20
45.62
 30
0.0
 11
1.05702
 21
52.38
 31
0.0
  0
LINE
  5
34AF5
  8
GUIDE1
 10
0.51702
 20
45.62
 30
0.0
 11
0.51702
 21
52.38
 31
0.0
  0
LINE
  5
34AF6
  8
GUIDE1
 10
-0.02298
 20
45.62
 30
0.0
 11
-0.02298
 21
52.38
 31
0.0
  0
LINE
  5
34AF7
  8
GUIDE1
 10
-0.56298
 20
45.62
 30
0.0
 11
-0.56298
 21
52.38
 31
0.0
  0
LINE
  5
34AF8
  8
GUIDE1
 10
-1.10298
 20
45.62
 30
0.0
 11
-1.10298
 21
52.38
 31
0.0
  0
LINE
  5
34AF9
  8
GUIDE1
 10
-1.64298
 20
45.62
 30
0.0
 11
-1.64298
 21
52.38
 31
0.0
  0
LINE
  5
34AFA
  8
GUIDE1
 10
-2.18298
 20
45.62
 30
0.0
 11
-2.18298
 21
52.38
 31
0.0
  0
LINE
  5
34AFB
  8
GUIDE1
 10
-2.72298
 20
45.62
 30
0.0
 11
-2.72298
 21
52.38
 31
0.0
  0
LINE
  5
34AFC
  8
GUIDE1
 10
-3.26298
 20
45.62
 30
0.0
 11
-3.26298
 21
52.38
 31
0.0
  0
LINE
  5
34AFD
  8
GUIDE1
 10
-3.80298
 20
45.62
 30
0.0
 11
-3.80298
 21
52.38
 31
0.0
  0
LINE
  5
34AFE
  8
GUIDE1
 10
-4.34298
 20
45.62
 30
0.0
 11
-4.34298
 21
52.38
 31
0.0
  0
LINE
  5
34AFF
  8
GUIDE1
 10
-4.88298
 20
45.62
 30
0.0
 11
-4.88298
 21
52.38
 31
0.0
  0
LINE
  5
34B00
  8
GUIDE1
 10
-5.42298
 20
45.62
 30
0.0
 11
-5.42298
 21
52.38
 31
0.0
  0
LINE
  5
34B01
  8
GUIDE1
 10
-5.96298
 20
45.62
 30
0.0
 11
-5.96298
 21
52.38
 31
0.0
  0
LINE
  5
34B02
  8
GUIDE1
 10
5.91702
 20
52.62
 30
0.0
 11
5.91702
 21
59.38
 31
0.0
  0
LINE
  5
34B03
  8
GUIDE1
 10
5.37702
 20
52.62
 30
0.0
 11
5.37702
 21
59.38
 31
0.0
  0
LINE
  5
34B04
  8
GUIDE1
 10
4.83702
 20
52.62
 30
0.0
 11
4.83702
 21
59.38
 31
0.0
  0
LINE
  5
34B05
  8
GUIDE1
 10
4.29702
 20
52.62
 30
0.0
 11
4.29702
 21
59.38
 31
0.0
  0
LINE
  5
34B06
  8
GUIDE1
 10
3.75702
 20
52.62
 30
0.0
 11
3.75702
 21
59.38
 31
0.0
  0
LINE
  5
34B07
  8
GUIDE1
 10
3.21702
 20
52.62
 30
0.0
 11
3.21702
 21
59.38
 31
0.0
  0
LINE
  5
34B08
  8
GUIDE1
 10
2.67702
 20
52.62
 30
0.0
 11
2.67702
 21
59.38
 31
0.0
  0
LINE
  5
34B09
  8
GUIDE1
 10
2.13702
 20
52.62
 30
0.0
 11
2.13702
 21
59.38
 31
0.0
  0
LINE
  5
34B0A
  8
GUIDE1
 10
1.59702
 20
52.62
 30
0.0
 11
1.59702
 21
59.38
 31
0.0
  0
LINE
  5
34B0B
  8
GUIDE1
 10
1.05702
 20
52.62
 30
0.0
 11
1.05702
 21
59.38
 31
0.0
  0
LINE
  5
34B0C
  8
GUIDE1
 10
0.51702
 20
52.62
 30
0.0
 11
0.51702
 21
59.38
 31
0.0
  0
LINE
  5
34B0D
  8
GUIDE1
 10
-0.02298
 20
52.62
 30
0.0
 11
-0.02298
 21
59.38
 31
0.0
  0
LINE
  5
34B0E
  8
GUIDE1
 10
-0.56298
 20
52.62
 30
0.0
 11
-0.56298
 21
59.38
 31
0.0
  0
LINE
  5
34B0F
  8
GUIDE1
 10
-1.10298
 20
52.62
 30
0.0
 11
-1.10298
 21
59.38
 31
0.0
  0
LINE
  5
34B10
  8
GUIDE1
 10
-1.64298
 20
52.62
 30
0.0
 11
-1.64298
 21
59.38
 31
0.0
  0
LINE
  5
34B11
  8
GUIDE1
 10
-2.18298
 20
52.62
 30
0.0
 11
-2.18298
 21
59.38
 31
0.0
  0
LINE
  5
34B12
  8
GUIDE1
 10
-2.72298
 20
52.62
 30
0.0
 11
-2.72298
 21
59.38
 31
0.0
  0
LINE
  5
34B13
  8
GUIDE1
 10
-3.26298
 20
52.62
 30
0.0
 11
-3.26298
 21
59.38
 31
0.0
  0
LINE
  5
34B14
  8
GUIDE1
 10
-3.80298
 20
52.62
 30
0.0
 11
-3.80298
 21
59.38
 31
0.0
  0
LINE
  5
34B15
  8
GUIDE1
 10
-4.34298
 20
52.62
 30
0.0
 11
-4.34298
 21
59.38
 31
0.0
  0
LINE
  5
34B16
  8
GUIDE1
 10
-4.88298
 20
52.62
 30
0.0
 11
-4.88298
 21
59.38
 31
0.0
  0
LINE
  5
34B17
  8
GUIDE1
 10
-5.42298
 20
52.62
 30
0.0
 11
-5.42298
 21
59.38
 31
0.0
  0
LINE
  5
34B18
  8
GUIDE1
 10
-5.96298
 20
52.62
 30
0.0
 11
-5.96298
 21
59.38
 31
0.0
  0
LINE
  5
34B19
  8
GUIDE1
 10
5.91702
 20
59.62
 30
0.0
 11
5.91702
 21
66.38
 31
0.0
  0
LINE
  5
34B1A
  8
GUIDE1
 10
5.37702
 20
59.62
 30
0.0
 11
5.37702
 21
66.38
 31
0.0
  0
LINE
  5
34B1B
  8
GUIDE1
 10
4.83702
 20
59.62
 30
0.0
 11
4.83702
 21
66.38
 31
0.0
  0
LINE
  5
34B1C
  8
GUIDE1
 10
4.29702
 20
59.62
 30
0.0
 11
4.29702
 21
66.38
 31
0.0
  0
LINE
  5
34B1D
  8
GUIDE1
 10
3.75702
 20
59.62
 30
0.0
 11
3.75702
 21
66.38
 31
0.0
  0
LINE
  5
34B1E
  8
GUIDE1
 10
3.21702
 20
59.62
 30
0.0
 11
3.21702
 21
66.38
 31
0.0
  0
LINE
  5
34B1F
  8
GUIDE1
 10
2.67702
 20
59.62
 30
0.0
 11
2.67702
 21
66.38
 31
0.0
  0
LINE
  5
34B20
  8
GUIDE1
 10
2.13702
 20
59.62
 30
0.0
 11
2.13702
 21
66.38
 31
0.0
  0
LINE
  5
34B21
  8
GUIDE1
 10
1.59702
 20
59.62
 30
0.0
 11
1.59702
 21
66.38
 31
0.0
  0
LINE
  5
34B22
  8
GUIDE1
 10
1.05702
 20
59.62
 30
0.0
 11
1.05702
 21
66.38
 31
0.0
  0
LINE
  5
34B23
  8
GUIDE1
 10
0.51702
 20
59.62
 30
0.0
 11
0.51702
 21
66.38
 31
0.0
  0
LINE
  5
34B24
  8
GUIDE1
 10
-0.02298
 20
59.62
 30
0.0
 11
-0.02298
 21
66.38
 31
0.0
  0
LINE
  5
34B25
  8
GUIDE1
 10
-0.56298
 20
59.62
 30
0.0
 11
-0.56298
 21
66.38
 31
0.0
  0
LINE
  5
34B26
  8
GUIDE1
 10
-1.10298
 20
59.62
 30
0.0
 11
-1.10298
 21
66.38
 31
0.0
  0
LINE
  5
34B27
  8
GUIDE1
 10
-1.64298
 20
59.62
 30
0.0
 11
-1.64298
 21
66.38
 31
0.0
  0
LINE
  5
34B28
  8
GUIDE1
 10
-2.18298
 20
59.62
 30
0.0
 11
-2.18298
 21
66.38
 31
0.0
  0
LINE
  5
34B29
  8
GUIDE1
 10
-2.72298
 20
59.62
 30
0.0
 11
-2.72298
 21
66.38
 31
0.0
  0
LINE
  5
34B2A
  8
GUIDE1
 10
-3.26298
 20
59.62
 30
0.0
 11
-3.26298
 21
66.38
 31
0.0
  0
LINE
  5
34B2B
  8
GUIDE1
 10
-3.80298
 20
59.62
 30
0.0
 11
-3.80298
 21
66.38
 31
0.0
  0
LINE
  5
34B2C
  8
GUIDE1
 10
-4.34298
 20
59.62
 30
0.0
 11
-4.34298
 21
66.38
 31
0.0
  0
LINE
  5
34B2D
  8
GUIDE1
 10
-4.88298
 20
59.62
 30
0.0
 11
-4.88298
 21
66.38
 31
0.0
  0
LINE
  5
34B2E
  8
GUIDE1
 10
-5.42298
 20
59.62
 30
0.0
 11
-5.42298
 21
66.38
 31
0.0
  0
LINE
  5
34B2F
  8
GUIDE1
 10
-5.96298
 20
59.62
 30
0.0
 11
-5.96298
 21
66.38
 31
0.0
  0
LINE
  5
34B30
  8
GUIDE1
 10
5.91702
 20
66.62
 30
0.0
 11
5.91702
 21
73.38
 31
0.0
  0
LINE
  5
34B31
  8
GUIDE1
 10
5.37702
 20
66.62
 30
0.0
 11
5.37702
 21
73.38
 31
0.0
  0
LINE
  5
34B32
  8
GUIDE1
 10
4.83702
 20
66.62
 30
0.0
 11
4.83702
 21
73.38
 31
0.0
  0
LINE
  5
34B33
  8
GUIDE1
 10
4.29702
 20
66.62
 30
0.0
 11
4.29702
 21
73.38
 31
0.0
  0
LINE
  5
34B34
  8
GUIDE1
 10
3.75702
 20
66.62
 30
0.0
 11
3.75702
 21
73.38
 31
0.0
  0
LINE
  5
34B35
  8
GUIDE1
 10
3.21702
 20
66.62
 30
0.0
 11
3.21702
 21
73.38
 31
0.0
  0
LINE
  5
34B36
  8
GUIDE1
 10
2.67702
 20
66.62
 30
0.0
 11
2.67702
 21
73.38
 31
0.0
  0
LINE
  5
34B37
  8
GUIDE1
 10
2.13702
 20
66.62
 30
0.0
 11
2.13702
 21
73.38
 31
0.0
  0
LINE
  5
34B38
  8
GUIDE1
 10
1.59702
 20
66.62
 30
0.0
 11
1.59702
 21
73.38
 31
0.0
  0
LINE
  5
34B39
  8
GUIDE1
 10
1.05702
 20
66.62
 30
0.0
 11
1.05702
 21
73.38
 31
0.0
  0
LINE
  5
34B3A
  8
GUIDE1
 10
0.51702
 20
66.62
 30
0.0
 11
0.51702
 21
73.38
 31
0.0
  0
LINE
  5
34B3B
  8
GUIDE1
 10
-0.02298
 20
66.62
 30
0.0
 11
-0.02298
 21
73.38
 31
0.0
  0
LINE
  5
34B3C
  8
GUIDE1
 10
-0.56298
 20
66.62
 30
0.0
 11
-0.56298
 21
73.38
 31
0.0
  0
LINE
  5
34B3D
  8
GUIDE1
 10
-1.10298
 20
66.62
 30
0.0
 11
-1.10298
 21
73.38
 31
0.0
  0
LINE
  5
34B3E
  8
GUIDE1
 10
-1.64298
 20
66.62
 30
0.0
 11
-1.64298
 21
73.38
 31
0.0
  0
LINE
  5
34B3F
  8
GUIDE1
 10
-2.18298
 20
66.62
 30
0.0
 11
-2.18298
 21
73.38
 31
0.0
  0
LINE
  5
34B40
  8
GUIDE1
 10
-2.72298
 20
66.62
 30
0.0
 11
-2.72298
 21
73.38
 31
0.0
  0
LINE
  5
34B41
  8
GUIDE1
 10
-3.26298
 20
66.62
 30
0.0
 11
-3.26298
 21
73.38
 31
0.0
  0
LINE
  5
34B42
  8
GUIDE1
 10
-3.80298
 20
66.62
 30
0.0
 11
-3.80298
 21
73.38
 31
0.0
  0
LINE
  5
34B43
  8
GUIDE1
 10
-4.34298
 20
66.62
 30
0.0
 11
-4.34298
 21
73.38
 31
0.0
  0
LINE
  5
34B44
  8
GUIDE1
 10
-4.88298
 20
66.62
 30
0.0
 11
-4.88298
 21
73.38
 31
0.0
  0
LINE
  5
34B45
  8
GUIDE1
 10
-5.42298
 20
66.62
 30
0.0
 11
-5.42298
 21
73.38
 31
0.0
  0
LINE
  5
34B46
  8
GUIDE1
 10
-5.96298
 20
66.62
 30
0.0
 11
-5.96298
 21
73.38
 31
0.0
  0
CIRCLE
  5
34B47
  8
HALL.2
  6
Continuous
 10
12.277
 20
76.62536
 30
0.0
 40
0.07
  0
POLYLINE
  5
34B48
  8
CELL2
 66
1
 10
0.0
 20
0.0
 30
0.0
 70
129
  0
VERTEX
  5
12ac09
  8
CELL2
 10
70.255
 20
-76.095
 30
0.0
  0
VERTEX
  5
12ac0a
  8
CELL2
 10
70.255
 20
76.095
 30
0.0
 42
0.4142135624
  0
VERTEX
  5
12ac0b
  8
CELL2
 10
68.255
 20
78.095
 30
0.0
  0
VERTEX
  5
12ac0c
  8
CELL2
 10
-68.255
 20
78.095
 30
0.0
 42
0.4142135624
  0
VERTEX
  5
12ac0d
  8
CELL2
 10
-70.255
 20
76.095
 30
0.0
  0
VERTEX
  5
12ac0e
  8
CELL2
 10
-70.255
 20
-76.095
 30
0.0
 42
0.4142135624
  0
VERTEX
  5
12ac0f
  8
CELL2
 10
-68.255
 20
-78.095
 30
0.0
  0
VERTEX
  5
12ac10
  8
CELL2
 10
68.255
 20
-78.095
 30
0.0
 42
0.4142135624
  0
SEQEND
  5
12ac11
  8
CELL2
  0
LINE
  5
34B49
  8
GUIDE2
 10
-12.323
 20
76.95536
 30
0.0
 11
-12.323
 21
78.065
 31
0.0
  0
LINE
  5
34B4A
  8
GUIDE2
 10
-13.1890118304
 20
76.62536
 30
0.0
 11
-13.1890118304
 21
78.065
 31
0.0
  0
LINE
  5
34B4B
  8
GUIDE2
 10
-11.4569881696
 20
76.62536
 30
0.0
 11
-11.4569881696
 21
78.065
 31
0.0
  0
LINE
  5
34B4C
  8
GUIDE2
 10
12.277
 20
76.95536
 30
0.0
 11
12.277
 21
78.065
 31
0.0
  0
LINE
  5
34B4D
  8
GUIDE2
 10
11.4109881696
 20
76.62536
 30
0.0
 11
11.4109881696
 21
78.065
 31
0.0
  0
LINE
  5
34B4E
  8
GUIDE2
 10
13.1430118304
 20
76.62536
 30
0.0
 11
13.1430118304
 21
78.065
 31
0.0
  0
LINE
  5
34B4F
  8
GUIDE2
 10
12.277
 20
-76.95536
 30
0.0
 11
12.277
 21
-78.065
 31
0.0
  0
LINE
  5
34B50
  8
GUIDE2
 10
11.4109881696
 20
-76.62536
 30
0.0
 11
11.4109881696
 21
-78.065
 31
0.0
  0
LINE
  5
34B51
  8
GUIDE2
 10
13.15825
 20
-76.62536
 30
0.0
 11
13.15825
 21
-78.065
 31
0.0
  0
LINE
  5
34B52
  8
GUIDE2
 10
-12.323
 20
-76.95536
 30
0.0
 11
-12.323
 21
-78.065
 31
0.0
  0
LINE
  5
34B53
  8
GUIDE2
 10
-13.1890118304
 20
-76.62536
 30
0.0
 11
-13.1890118304
 21
-78.065
 31
0.0
  0
LINE
  5
34B54
  8
GUIDE2
 10
-11.44175
 20
-76.62536
 30
0.0
 11
-11.44175
 21
-78.065
 31
0.0
  0
ENDBLK
  8
0
  0
BLOCK
  8
0
  2
*U30
 70
0
 10
0.0
 20
0.0
 30
0.0
  3
*U30
  1

  0
INSERT
  5
34B63
  8
0
  6
ByBlock
 62
0
  2
*U29
 10
0.0
 20
0.0
 30
0.0
  0
INSERT
  5
34B64
  8
0
  6
ByBlock
 62
0
  2
*U29
 10
0.0
 20
170.0
 30
0.0
  0
INSERT
  5
34B65
  8
0
  6
ByBlock
 62
0
  2
*U29
 10
150.0
 20
0.0
 30
0.0
  0
INSERT
  5
34B66
  8
0
  6
ByBlock
 62
0
  2
*U29
 10
150.0
 20
170.0
 30
0.0
  0
INSERT
  5
34B67
  8
0
  6
ByBlock
 62
0
  2
*U29
 10
300.0
 20
0.0
 30
0.0
  0
INSERT
  5
34B68
  8
0
  6
ByBlock
 62
0
  2
*U29
 10
300.0
 20
170.0
 30
0.0
  0
ENDBLK
  8
0
  0
BLOCK
  8
0
  2
*D31
 70
0
 10
0.0
 20
0.0
 30
0.0
  3
*D31
  1

  0
LINE
  5
362E6
  8
0
  6
ByBlock
 10
0.0
 20
371.0
 30
0.0
 11
0.0
 21
410.0306528237
 31
0.0
  0
LINE
  5
362E7
  8
0
  6
ByBlock
 10
470.0
 20
371.0
 30
0.0
 11
470.0
 21
410.0306528237
 31
0.0
  0
LINE
  5
362E8
  8
0
  6
ByBlock
 10
3.5
 20
409.0306528237
 30
0.0
 11
466.5
 21
409.0306528237
 31
0.0
  0
POLYLINE
  5
362E9
  8
0
 66
1
 10
0.0
 20
0.0
 30
0.0
 70
129
  0
VERTEX
  5
12ac12
  8
0
 10
3.5
 20
409.613986157
 30
0.0
  0
VERTEX
  5
12ac13
  8
0
 10
3.5
 20
408.4473194904
 30
0.0
  0
VERTEX
  5
12ac14
  8
0
 10
0.0
 20
409.0306528237
 30
0.0
  0
SEQEND
  5
12ac15
  8
0
  0
POLYLINE
  5
362EA
  8
0
 66
1
 10
0.0
 20
0.0
 30
0.0
 70
129
  0
VERTEX
  5
12ac16
  8
0
 10
466.5
 20
409.613986157
 30
0.0
  0
VERTEX
  5
12ac17
  8
0
 10
466.5
 20
408.4473194904
 30
0.0
  0
VERTEX
  5
12ac18
  8
0
 10
470.0
 20
409.0306528237
 30
0.0
  0
SEQEND
  5
12ac19
  8
0
  0
POINT
  5
362EC
  8
DEFPOINTS
 62
0
 10
0.0
 20
370.0
 30
0.0
  0
POINT
  5
362ED
  8
DEFPOINTS
 62
0
 10
470.0
 20
370.0
 30
0.0
  0
POINT
  5
362EE
  8
DEFPOINTS
 62
0
 10
470.0
 20
409.0306528237
 30
0.0
  0
ENDBLK
  8
0
  0
ENDSEC
  0
SECTION
  2
ENTITIES
  0
POLYLINE
  5
34F48
  8
CELL
  6
Continuous
 66
1
 10
0.0
 20
0.0
 30
0.0
 70
129
  0
VERTEX
  5
12ac1a
  8
CELL
 10
69.5229763393
 20
198.57464
 30
0.0
  0
VERTEX
  5
12ac1b
  8
CELL
 10
74.55702
 20
198.57464
 30
0.0
  0
VERTEX
  5
12ac1c
  8
CELL
 10
91.0310236607
 20
198.57464
 30
0.0
 42
-0.148998728
  0
VERTEX
  5
12ac1d
  8
CELL
 10
91.08679615
 20
198.557642587
 30
0.0
  0
VERTEX
  5
12ac1e
  8
CELL
 10
91.28920385
 20
198.421637413
 30
0.0
 42
0.148998728
  0
VERTEX
  5
12ac1f
  8
CELL
 10
91.3449763393
 20
198.40464
 30
0.0
  0
VERTEX
  5
12ac20
  8
CELL
 10
92.077
 20
198.40464
 30
0.0
 42
-0.4142135624
  0
VERTEX
  5
12ac21
  8
CELL
 10
92.177
 20
198.30464
 30
0.0
  0
VERTEX
  5
12ac22
  8
CELL
 10
92.177
 20
198.17464
 30
0.0
 42
0.4142135624
  0
VERTEX
  5
12ac23
  8
CELL
 10
92.277
 20
198.07464
 30
0.0
  0
VERTEX
  5
12ac24
  8
CELL
 10
92.877
 20
198.07464
 30
0.0
 42
0.4142135624
  0
VERTEX
  5
12ac25
  8
CELL
 10
92.977
 20
198.17464
 30
0.0
  0
VERTEX
  5
12ac26
  8
CELL
 10
92.977
 20
198.30464
 30
0.0
 42
-0.4142135624
  0
VERTEX
  5
12ac27
  8
CELL
 10
93.077
 20
198.40464
 30
0.0
  0
VERTEX
  5
12ac28
  8
CELL
 10
93.8090236607
 20
198.40464
 30
0.0
 42
0.148998728
  0
VERTEX
  5
12ac29
  8
CELL
 10
93.86479615
 20
198.421637413
 30
0.0
  0
VERTEX
  5
12ac2a
  8
CELL
 10
94.06720385
 20
198.557642587
 30
0.0
 42
-0.148998728
  0
VERTEX
  5
12ac2b
  8
CELL
 10
94.1229763393
 20
198.57464
 30
0.0
  0
VERTEX
  5
12ac2c
  8
CELL
 10
138.50172
 20
198.57464
 30
0.0
 42
0.4142135624
  0
VERTEX
  5
12ac2d
  8
CELL
 10
138.60172
 20
198.67464
 30
0.0
  0
VERTEX
  5
12ac2e
  8
CELL
 10
138.60172
 20
198.89464
 30
0.0
 42
-0.4142135624
  0
VERTEX
  5
12ac2f
  8
CELL
 10
138.70172
 20
198.99464
 30
0.0
  0
VERTEX
  5
12ac30
  8
CELL
 10
139.60172
 20
198.99464
 30
0.0
 42
-0.4142135624
  0
VERTEX
  5
12ac31
  8
CELL
 10
139.70172
 20
198.89464
 30
0.0
  0
VERTEX
  5
12ac32
  8
CELL
 10
139.70172
 20
198.67464
 30
0.0
 42
0.4142135624
  0
VERTEX
  5
12ac33
  8
CELL
 10
139.80172
 20
198.57464
 30
0.0
  0
VERTEX
  5
12ac34
  8
CELL
 10
143.7195894088
 20
198.57464
 30
0.0
 42
-0.1490105811
  0
VERTEX
  5
12ac35
  8
CELL
 10
143.9984711042
 20
198.48964
 30
0.0
 42
0.1490105811
  0
VERTEX
  5
12ac36
  8
CELL
 10
144.2773527995
 20
198.40464
 30
0.0
  0
VERTEX
  5
12ac37
  8
CELL
 10
148.3123313408
 20
198.4046399999
 30
0.0
 42
0.1052167214
  0
VERTEX
  5
12ac38
  8
CELL
 10
148.5851113584
 20
198.4626868736
 30
0.0
 42
0.0215717318
  0
VERTEX
  5
12ac39
  8
CELL
 10
148.7151631311
 20
198.5294977106
 30
0.0
 42
0.2695293348
  0
VERTEX
  5
12ac3a
  8
CELL
 10
148.96772
 20
198.9639765903
 30
0.0
  0
VERTEX
  5
12ac3b
  8
CELL
 10
148.96772
 20
203.596
 30
0.0
 42
0.4142135624
  0
VERTEX
  5
12ac3c
  8
CELL
 10
148.76772
 20
203.796
 30
0.0
  0
VERTEX
  5
12ac3d
  8
CELL
 10
148.46672
 20
203.796
 30
0.0
 42
-0.4142135624
  0
VERTEX
  5
12ac3e
  8
CELL
 10
148.36672
 20
203.896
 30
0.0
  0
VERTEX
  5
12ac3f
  8
CELL
 10
148.36672
 20
204.246
 30
0.0
 42
-0.4142135624
  0
VERTEX
  5
12ac40
  8
CELL
 10
148.46672
 20
204.346
 30
0.0
  0
VERTEX
  5
12ac41
  8
CELL
 10
148.76772
 20
204.346
 30
0.0
 42
0.4142135624
  0
VERTEX
  5
12ac42
  8
CELL
 10
148.96772
 20
204.546
 30
0.0
  0
VERTEX
  5
12ac43
  8
CELL
 10
148.96772
 20
345.454
 30
0.0
 42
0.4142135624
  0
VERTEX
  5
12ac44
  8
CELL
 10
148.76772
 20
345.654
 30
0.0
  0
VERTEX
  5
12ac45
  8
CELL
 10
148.46672
 20
345.654
 30
0.0
 42
-0.4142135624
  0
VERTEX
  5
12ac46
  8
CELL
 10
148.36672
 20
345.754
 30
0.0
  0
VERTEX
  5
12ac47
  8
CELL
 10
148.36672
 20
346.104
 30
0.0
 42
-0.4142135624
  0
VERTEX
  5
12ac48
  8
CELL
 10
148.46672
 20
346.204
 30
0.0
  0
VERTEX
  5
12ac49
  8
CELL
 10
148.76772
 20
346.204
 30
0.0
 42
0.4142135624
  0
VERTEX
  5
12ac4a
  8
CELL
 10
148.96772
 20
346.404
 30
0.0
  0
VERTEX
  5
12ac4b
  8
CELL
 10
148.96772
 20
351.0406759866
 30
0.0
 42
0.2256365855
  0
VERTEX
  5
12ac4c
  8
CELL
 10
148.7833261486
 20
351.4284810394
 30
0.0
 42
0.0324637347
  0
VERTEX
  5
12ac4d
  8
CELL
 10
148.6105180021
 20
351.5253495222
 30
0.0
 42
0.1158037029
  0
VERTEX
  5
12ac4e
  8
CELL
 10
148.3123356766
 20
351.59536
 30
0.0
  0
VERTEX
  5
12ac4f
  8
CELL
 10
144.2773527995
 20
351.59536
 30
0.0
 42
0.1490105811
  0
VERTEX
  5
12ac50
  8
CELL
 10
143.9984711041
 20
351.51036
 30
0.0
 42
-0.1490105811
  0
VERTEX
  5
12ac51
  8
CELL
 10
143.7195894088
 20
351.42536
 30
0.0
  0
VERTEX
  5
12ac52
  8
CELL
 10
139.80172
 20
351.42536
 30
0.0
 42
0.4142135624
  0
VERTEX
  5
12ac53
  8
CELL
 10
139.70172
 20
351.32536
 30
0.0
  0
VERTEX
  5
12ac54
  8
CELL
 10
139.70172
 20
351.10536
 30
0.0
 42
-0.4142135624
  0
VERTEX
  5
12ac55
  8
CELL
 10
139.60172
 20
351.00536
 30
0.0
  0
VERTEX
  5
12ac56
  8
CELL
 10
138.70172
 20
351.00536
 30
0.0
 42
-0.4142135624
  0
VERTEX
  5
12ac57
  8
CELL
 10
138.60172
 20
351.10536
 30
0.0
  0
VERTEX
  5
12ac58
  8
CELL
 10
138.60172
 20
351.32536
 30
0.0
 42
0.4142135624
  0
VERTEX
  5
12ac59
  8
CELL
 10
138.50172
 20
351.42536
 30
0.0
  0
VERTEX
  5
12ac5a
  8
CELL
 10
94.1229763393
 20
351.42536
 30
0.0
 42
-0.148998728
  0
VERTEX
  5
12ac5b
  8
CELL
 10
94.06720385
 20
351.442357413
 30
0.0
  0
VERTEX
  5
12ac5c
  8
CELL
 10
93.86479615
 20
351.578362587
 30
0.0
 42
0.148998728
  0
VERTEX
  5
12ac5d
  8
CELL
 10
93.8090236607
 20
351.59536
 30
0.0
  0
VERTEX
  5
12ac5e
  8
CELL
 10
93.077
 20
351.59536
 30
0.0
 42
-0.4142135624
  0
VERTEX
  5
12ac5f
  8
CELL
 10
92.977
 20
351.69536
 30
0.0
  0
VERTEX
  5
12ac60
  8
CELL
 10
92.977
 20
351.82536
 30
0.0
 42
0.4142135624
  0
VERTEX
  5
12ac61
  8
CELL
 10
92.877
 20
351.92536
 30
0.0
  0
VERTEX
  5
12ac62
  8
CELL
 10
92.277
 20
351.92536
 30
0.0
 42
0.4142135624
  0
VERTEX
  5
12ac63
  8
CELL
 10
92.177
 20
351.82536
 30
0.0
  0
VERTEX
  5
12ac64
  8
CELL
 10
92.177
 20
351.69536
 30
0.0
 42
-0.4142135624
  0
VERTEX
  5
12ac65
  8
CELL
 10
92.077
 20
351.59536
 30
0.0
  0
VERTEX
  5
12ac66
  8
CELL
 10
91.3449763393
 20
351.59536
 30
0.0
 42
0.148998728
  0
VERTEX
  5
12ac67
  8
CELL
 10
91.28920385
 20
351.578362587
 30
0.0
  0
VERTEX
  5
12ac68
  8
CELL
 10
91.08679615
 20
351.442357413
 30
0.0
 42
-0.148998728
  0
VERTEX
  5
12ac69
  8
CELL
 10
91.0310236607
 20
351.42536
 30
0.0
  0
VERTEX
  5
12ac6a
  8
CELL
 10
74.55702
 20
351.42536
 30
0.0
  0
VERTEX
  5
12ac6b
  8
CELL
 10
69.5229763393
 20
351.42536
 30
0.0
 42
-0.148998728
  0
VERTEX
  5
12ac6c
  8
CELL
 10
69.46720385
 20
351.442357413
 30
0.0
  0
VERTEX
  5
12ac6d
  8
CELL
 10
69.26479615
 20
351.578362587
 30
0.0
 42
0.148998728
  0
VERTEX
  5
12ac6e
  8
CELL
 10
69.2090236607
 20
351.59536
 30
0.0
  0
VERTEX
  5
12ac6f
  8
CELL
 10
68.477
 20
351.59536
 30
0.0
 42
-0.4142135624
  0
VERTEX
  5
12ac70
  8
CELL
 10
68.377
 20
351.69536
 30
0.0
  0
VERTEX
  5
12ac71
  8
CELL
 10
68.377
 20
351.82536
 30
0.0
 42
0.4142135624
  0
VERTEX
  5
12ac72
  8
CELL
 10
68.277
 20
351.92536
 30
0.0
  0
VERTEX
  5
12ac73
  8
CELL
 10
67.677
 20
351.92536
 30
0.0
 42
0.4142135624
  0
VERTEX
  5
12ac74
  8
CELL
 10
67.577
 20
351.82536
 30
0.0
  0
VERTEX
  5
12ac75
  8
CELL
 10
67.577
 20
351.69536
 30
0.0
 42
-0.4142135624
  0
VERTEX
  5
12ac76
  8
CELL
 10
67.477
 20
351.59536
 30
0.0
  0
VERTEX
  5
12ac77
  8
CELL
 10
66.7449763393
 20
351.59536
 30
0.0
 42
0.148998728
  0
VERTEX
  5
12ac78
  8
CELL
 10
66.68920385
 20
351.578362587
 30
0.0
  0
VERTEX
  5
12ac79
  8
CELL
 10
66.48679615
 20
351.442357413
 30
0.0
 42
-0.148998728
  0
VERTEX
  5
12ac7a
  8
CELL
 10
66.4310236607
 20
351.42536
 30
0.0
  0
VERTEX
  5
12ac7b
  8
CELL
 10
49.1268438832
 20
351.42536
 30
0.0
 42
-0.1258065275
  0
VERTEX
  5
12ac7c
  8
CELL
 10
48.8868695755
 20
351.4867116993
 30
0.0
 42
0.2556594493
  0
VERTEX
  5
12ac7d
  8
CELL
 10
43.7305704245
 20
351.4867116993
 30
0.0
 42
-0.1258065275
  0
VERTEX
  5
12ac7e
  8
CELL
 10
43.4905961169
 20
351.42536
 30
0.0
  0
VERTEX
  5
12ac7f
  8
CELL
 10
16.8144105913
 20
351.42536
 30
0.0
 42
-0.1490105811
  0
VERTEX
  5
12ac80
  8
CELL
 10
16.5355288959
 20
351.51036
 30
0.0
 42
0.1490105811
  0
VERTEX
  5
12ac81
  8
CELL
 10
16.2566472006
 20
351.59536
 30
0.0
  0
VERTEX
  5
12ac82
  8
CELL
 10
12.1001034592
 20
351.5953599999
 30
0.0
 42
0.1227441731
  0
VERTEX
  5
12ac83
  8
CELL
 10
11.9046678478
 20
351.5469155619
 30
0.0
  0
VERTEX
  5
12ac84
  8
CELL
 10
11.8502906042
 20
351.5150142456
 30
0.0
  0
VERTEX
  5
12ac85
  8
CELL
 10
11.7702382792
 20
351.4603375262
 30
0.0
 42
0.1417682399
  0
VERTEX
  5
12ac86
  8
CELL
 10
11.4978891342
 20
351.1211098332
 30
0.0
 42
0.100002147
  0
VERTEX
  5
12ac87
  8
CELL
 10
11.46228
 20
350.950851663
 30
0.0
  0
VERTEX
  5
12ac88
  8
CELL
 10
11.46228
 20
346.8009927994
 30
0.0
 42
0.1490105811
  0
VERTEX
  5
12ac89
  8
CELL
 10
11.54728
 20
346.522111104
 30
0.0
 42
-0.1490105811
  0
VERTEX
  5
12ac8a
  8
CELL
 10
11.63228
 20
346.2432294087
 30
0.0
  0
VERTEX
  5
12ac8b
  8
CELL
 10
11.63228
 20
342.07536
 30
0.0
 42
0.4142135624
  0
VERTEX
  5
12ac8c
  8
CELL
 10
11.73228
 20
341.97536
 30
0.0
  0
VERTEX
  5
12ac8d
  8
CELL
 10
11.96928
 20
341.97536
 30
0.0
 42
-0.4142135624
  0
VERTEX
  5
12ac8e
  8
CELL
 10
12.06928
 20
341.87536
 30
0.0
  0
VERTEX
  5
12ac8f
  8
CELL
 10
12.06928
 20
340.97536
 30
0.0
 42
-0.4142135624
  0
VERTEX
  5
12ac90
  8
CELL
 10
11.96928
 20
340.87536
 30
0.0
  0
VERTEX
  5
12ac91
  8
CELL
 10
11.73228
 20
340.87536
 30
0.0
 42
0.4142135624
  0
VERTEX
  5
12ac92
  8
CELL
 10
11.63228
 20
340.77536
 30
0.0
  0
VERTEX
  5
12ac93
  8
CELL
 10
11.63228
 20
209.22464
 30
0.0
 42
0.4142135624
  0
VERTEX
  5
12ac94
  8
CELL
 10
11.73228
 20
209.12464
 30
0.0
  0
VERTEX
  5
12ac95
  8
CELL
 10
11.96928
 20
209.12464
 30
0.0
 42
-0.4142135624
  0
VERTEX
  5
12ac96
  8
CELL
 10
12.06928
 20
209.02464
 30
0.0
  0
VERTEX
  5
12ac97
  8
CELL
 10
12.06928
 20
208.12464
 30
0.0
 42
-0.4142135624
  0
VERTEX
  5
12ac98
  8
CELL
 10
11.96928
 20
208.02464
 30
0.0
  0
VERTEX
  5
12ac99
  8
CELL
 10
11.73228
 20
208.02464
 30
0.0
 42
0.4142135624
  0
VERTEX
  5
12ac9a
  8
CELL
 10
11.63228
 20
207.92464
 30
0.0
  0
VERTEX
  5
12ac9b
  8
CELL
 10
11.63228
 20
203.7567705912
 30
0.0
 42
-0.1490105811
  0
VERTEX
  5
12ac9c
  8
CELL
 10
11.54728
 20
203.4778888959
 30
0.0
 42
0.1490105811
  0
VERTEX
  5
12ac9d
  8
CELL
 10
11.46228
 20
203.1990072005
 30
0.0
  0
VERTEX
  5
12ac9e
  8
CELL
 10
11.46228
 20
199.0498415505
 30
0.0
 42
0.0909194365
  0
VERTEX
  5
12ac9f
  8
CELL
 10
11.4895215264
 20
198.9010639707
 30
0.0
 42
0.1273493814
  0
VERTEX
  5
12aca0
  8
CELL
 10
11.712758063
 20
198.5843048109
 30
0.0
 42
0.0453264324
  0
VERTEX
  5
12aca1
  8
CELL
 10
11.90648613
 20
198.4521267464
 30
0.0
 42
0.1214915782
  0
VERTEX
  5
12aca2
  8
CELL
 10
12.1001034592
 20
198.40464
 30
0.0
  0
VERTEX
  5
12aca3
  8
CELL
 10
16.2566472006
 20
198.40464
 30
0.0
 42
0.1490105811
  0
VERTEX
  5
12aca4
  8
CELL
 10
16.5355288959
 20
198.48964
 30
0.0
 42
-0.1490105811
  0
VERTEX
  5
12aca5
  8
CELL
 10
16.8144105913
 20
198.57464
 30
0.0
  0
VERTEX
  5
12aca6
  8
CELL
 10
66.4310236607
 20
198.57464
 30
0.0
 42
-0.148998728
  0
VERTEX
  5
12aca7
  8
CELL
 10
66.48679615
 20
198.557642587
 30
0.0
  0
VERTEX
  5
12aca8
  8
CELL
 10
66.68920385
 20
198.421637413
 30
0.0
 42
0.148998728
  0
VERTEX
  5
12aca9
  8
CELL
 10
66.7449763393
 20
198.40464
 30
0.0
  0
VERTEX
  5
12acaa
  8
CELL
 10
67.477
 20
198.40464
 30
0.0
 42
-0.4142135624
  0
VERTEX
  5
12acab
  8
CELL
 10
67.577
 20
198.30464
 30
0.0
  0
VERTEX
  5
12acac
  8
CELL
 10
67.577
 20
198.17464
 30
0.0
 42
0.4142135624
  0
VERTEX
  5
12acad
  8
CELL
 10
67.677
 20
198.07464
 30
0.0
  0
VERTEX
  5
12acae
  8
CELL
 10
68.277
 20
198.07464
 30
0.0
 42
0.4142135624
  0
VERTEX
  5
12acaf
  8
CELL
 10
68.377
 20
198.17464
 30
0.0
  0
VERTEX
  5
12acb0
  8
CELL
 10
68.377
 20
198.30464
 30
0.0
 42
-0.4142135624
  0
VERTEX
  5
12acb1
  8
CELL
 10
68.477
 20
198.40464
 30
0.0
  0
VERTEX
  5
12acb2
  8
CELL
 10
69.2090236607
 20
198.40464
 30
0.0
 42
0.148998728
  0
VERTEX
  5
12acb3
  8
CELL
 10
69.26479615
 20
198.421637413
 30
0.0
  0
VERTEX
  5
12acb4
  8
CELL
 10
69.46720385
 20
198.557642587
 30
0.0
 42
-0.148998728
  0
SEQEND
  5
12acb5
  8
CELL
  0
ENDSEC
  0
EOF
